/* BEBIDIS Warehouse Manager 
   Tiago Barros 88963
   Miguel Ferreira 93419
   2021
*/

-- Queries geradas com dados ficticios em https://www.mockaroo.com/ 

-- ARMAZEM)
INSERT INTO BW.Armazem (localizacao,n_telefone,n_funcionarios,n_automoveis) VALUES ('Viana do Castelo',929292877,80,50);

-- FUNCIONARIOS)
INSERT INTO BW.Funcionario (num_funcionario, nome, n_telemovel, data_nascimento, salario, armazem_trabalha) VALUES (555614427, 'José Carlos', 934335122, '1969-09-11', 3500, 'Viana do Castelo');
--promotor de vendas
INSERT INTO BW.Funcionario (num_funcionario, nome, n_telemovel, data_nascimento, salario, armazem_trabalha) VALUES (820150665, 'Tybie MacAnellye', 973358516, '1959-07-23', 892, 'Viana do Castelo');
INSERT INTO BW.Funcionario (num_funcionario, nome, n_telemovel, data_nascimento, salario, armazem_trabalha) VALUES (990910133, 'Morna Losano', 994199303, '1965-06-26', 1039, 'Viana do Castelo');
INSERT INTO BW.Funcionario (num_funcionario, nome, n_telemovel, data_nascimento, salario, armazem_trabalha) VALUES (897561899, 'Cordula Crookes', 943057898, '1980-11-20', 1312, 'Viana do Castelo');
INSERT INTO BW.Funcionario (num_funcionario, nome, n_telemovel, data_nascimento, salario, armazem_trabalha) VALUES (686477431, 'Lisa Joel', 921744437, '1984-10-25', 732, 'Viana do Castelo');
INSERT INTO BW.Funcionario (num_funcionario, nome, n_telemovel, data_nascimento, salario, armazem_trabalha) VALUES (712426431, 'Rutger Spall', 908752724, '1991-09-17', 842, 'Viana do Castelo');
INSERT INTO BW.Funcionario (num_funcionario, nome, n_telemovel, data_nascimento, salario, armazem_trabalha) VALUES (177221892, 'Madelon Niven', 902048186, '1958-04-19', 1092, 'Viana do Castelo');
INSERT INTO BW.Funcionario (num_funcionario, nome, n_telemovel, data_nascimento, salario, armazem_trabalha) VALUES (116673318, 'Lian Trembley', 962221762, '1972-02-15', 1324, 'Viana do Castelo');
INSERT INTO BW.Funcionario (num_funcionario, nome, n_telemovel, data_nascimento, salario, armazem_trabalha) VALUES (818863474, 'Josi Deppen', 939107883, '1965-12-16', 1448, 'Viana do Castelo');
INSERT INTO BW.Funcionario (num_funcionario, nome, n_telemovel, data_nascimento, salario, armazem_trabalha) VALUES (316319177, 'Walton Speake', 955980827, '1979-01-19', 1341, 'Viana do Castelo');
INSERT INTO BW.Funcionario (num_funcionario, nome, n_telemovel, data_nascimento, salario, armazem_trabalha) VALUES (423829773, 'Jenelle Goaley', 949309152, '1977-08-17', 973, 'Viana do Castelo');
INSERT INTO BW.Funcionario (num_funcionario, nome, n_telemovel, data_nascimento, salario, armazem_trabalha) VALUES (337489579, 'Keenan Pighills', 947401828, '1974-04-06', 1481, 'Viana do Castelo');
INSERT INTO BW.Funcionario (num_funcionario, nome, n_telemovel, data_nascimento, salario, armazem_trabalha) VALUES (073644217, 'Whitney Stebbings', 961942236, '1956-08-15', 1389, 'Viana do Castelo');
INSERT INTO BW.Funcionario (num_funcionario, nome, n_telemovel, data_nascimento, salario, armazem_trabalha) VALUES (740749536, 'Teddie Sandham', 966355358, '1998-01-25', 1062, 'Viana do Castelo');
INSERT INTO BW.Funcionario (num_funcionario, nome, n_telemovel, data_nascimento, salario, armazem_trabalha) VALUES (717193840, 'Van Haining', 976075123, '1979-02-04', 741, 'Viana do Castelo');
INSERT INTO BW.Funcionario (num_funcionario, nome, n_telemovel, data_nascimento, salario, armazem_trabalha) VALUES (592568642, 'Anny Empleton', 952490345, '1974-09-12', 1157, 'Viana do Castelo');
INSERT INTO BW.Funcionario (num_funcionario, nome, n_telemovel, data_nascimento, salario, armazem_trabalha) VALUES (215714281, 'Roxanne Cattroll', 967435645, '1966-06-26', 669, 'Viana do Castelo');
INSERT INTO BW.Funcionario (num_funcionario, nome, n_telemovel, data_nascimento, salario, armazem_trabalha) VALUES (660453459, 'Cheslie Treves', 902519534, '1950-12-06', 769, 'Viana do Castelo');
INSERT INTO BW.Funcionario (num_funcionario, nome, n_telemovel, data_nascimento, salario, armazem_trabalha) VALUES (849626111, 'Ollie Dumbelton', 949496059, '1973-04-15', 1240, 'Viana do Castelo');
INSERT INTO BW.Funcionario (num_funcionario, nome, n_telemovel, data_nascimento, salario, armazem_trabalha) VALUES (237908421, 'Angil Howes', 927294926, '1981-11-17', 1420, 'Viana do Castelo');
INSERT INTO BW.Funcionario (num_funcionario, nome, n_telemovel, data_nascimento, salario, armazem_trabalha) VALUES (087742991, 'Berthe Ewing', 945950859, '1953-03-06', 1356, 'Viana do Castelo');
INSERT INTO BW.Funcionario (num_funcionario, nome, n_telemovel, data_nascimento, salario, armazem_trabalha) VALUES (845213044, 'Aurilia Slamaker', 943774064, '1964-01-21', 1418, 'Viana do Castelo');
INSERT INTO BW.Funcionario (num_funcionario, nome, n_telemovel, data_nascimento, salario, armazem_trabalha) VALUES (830915505, 'Sibyl Adamini', 971289707, '1979-11-02', 677, 'Viana do Castelo');
INSERT INTO BW.Funcionario (num_funcionario, nome, n_telemovel, data_nascimento, salario, armazem_trabalha) VALUES (238608729, 'Nicolina MacKall', 959745292, '1955-05-12', 1150, 'Viana do Castelo');
INSERT INTO BW.Funcionario (num_funcionario, nome, n_telemovel, data_nascimento, salario, armazem_trabalha) VALUES (883093915, 'Ari Ravillas', 957547703, '1963-07-19', 773, 'Viana do Castelo');
INSERT INTO BW.Funcionario (num_funcionario, nome, n_telemovel, data_nascimento, salario, armazem_trabalha) VALUES (924573041, 'Humberto Millery', 972596022, '1981-03-20', 989, 'Viana do Castelo');
INSERT INTO BW.Funcionario (num_funcionario, nome, n_telemovel, data_nascimento, salario, armazem_trabalha) VALUES (326042621, 'Lou Mitchard', 995237744, '1974-03-21', 1283, 'Viana do Castelo');
INSERT INTO BW.Funcionario (num_funcionario, nome, n_telemovel, data_nascimento, salario, armazem_trabalha) VALUES (411286357, 'Noami Lakeman', 93501957, '1950-06-10', 999, 'Viana do Castelo');
INSERT INTO BW.Funcionario (num_funcionario, nome, n_telemovel, data_nascimento, salario, armazem_trabalha) VALUES (443132451, 'Sapphira Kunath', 900554875, '1969-11-15', 1364, 'Viana do Castelo');
INSERT INTO BW.Funcionario (num_funcionario, nome, n_telemovel, data_nascimento, salario, armazem_trabalha) VALUES (948942245, 'Onida Elsy', 923302892, '1998-12-17', 1144, 'Viana do Castelo');
INSERT INTO BW.Funcionario (num_funcionario, nome, n_telemovel, data_nascimento, salario, armazem_trabalha) VALUES (614371301, 'Son Moen', 944988544, '1995-12-30', 1414, 'Viana do Castelo');
INSERT INTO BW.Funcionario (num_funcionario, nome, n_telemovel, data_nascimento, salario, armazem_trabalha) VALUES (625674930, 'Jamie Bytheway', 964267854, '1971-11-25', 710, 'Viana do Castelo');
INSERT INTO BW.Funcionario (num_funcionario, nome, n_telemovel, data_nascimento, salario, armazem_trabalha) VALUES (459442638, 'Kellina Dyble', 920816340, '1980-07-27', 1350, 'Viana do Castelo');
INSERT INTO BW.Funcionario (num_funcionario, nome, n_telemovel, data_nascimento, salario, armazem_trabalha) VALUES (230137979, 'Linell Pearton', 942546522, '1970-11-11', 1076, 'Viana do Castelo');
INSERT INTO BW.Funcionario (num_funcionario, nome, n_telemovel, data_nascimento, salario, armazem_trabalha) VALUES (673413735, 'Marcille Dudgeon', 928552080, '1976-06-27', 947, 'Viana do Castelo');
INSERT INTO BW.Funcionario (num_funcionario, nome, n_telemovel, data_nascimento, salario, armazem_trabalha) VALUES (406482403, 'Shirlee Mityukov', 962262843, '1952-01-11', 923, 'Viana do Castelo');
INSERT INTO BW.Funcionario (num_funcionario, nome, n_telemovel, data_nascimento, salario, armazem_trabalha) VALUES (025743176, 'Roshelle Follis', 939402415, '1966-05-30', 1195, 'Viana do Castelo');
INSERT INTO BW.Funcionario (num_funcionario, nome, n_telemovel, data_nascimento, salario, armazem_trabalha) VALUES (071479945, 'Murdock Pitkeathley', 955879185, '1964-04-13', 1348, 'Viana do Castelo');
INSERT INTO BW.Funcionario (num_funcionario, nome, n_telemovel, data_nascimento, salario, armazem_trabalha) VALUES (712864011, 'Gregorio Drinan',995008457, '1987-12-08', 1266, 'Viana do Castelo');
INSERT INTO BW.Funcionario (num_funcionario, nome, n_telemovel, data_nascimento, salario, armazem_trabalha) VALUES (435234862, 'Wylie Berzon', 982749789, '1951-07-15', 1209, 'Viana do Castelo');
INSERT INTO BW.Funcionario (num_funcionario, nome, n_telemovel, data_nascimento, salario, armazem_trabalha) VALUES (555881920, 'Osbourn De Banke', 904869386, '1985-12-18', 895, 'Viana do Castelo');
INSERT INTO BW.Funcionario (num_funcionario, nome, n_telemovel, data_nascimento, salario, armazem_trabalha) VALUES (163542148, 'Jonis Jamieson', 917309842, '1965-04-01', 1147, 'Viana do Castelo');
INSERT INTO BW.Funcionario (num_funcionario, nome, n_telemovel, data_nascimento, salario, armazem_trabalha) VALUES (598508038, 'Jeri Espinha', 981271381, '1986-08-14', 1087, 'Viana do Castelo');
INSERT INTO BW.Funcionario (num_funcionario, nome, n_telemovel, data_nascimento, salario, armazem_trabalha) VALUES (388240283, 'Nikkie Quye', 907677223, '1994-07-02', 726, 'Viana do Castelo');
INSERT INTO BW.Funcionario (num_funcionario, nome, n_telemovel, data_nascimento, salario, armazem_trabalha) VALUES (529655938, 'Filmore Salvin', 937351039, '1975-09-20', 1480, 'Viana do Castelo');
INSERT INTO BW.Funcionario (num_funcionario, nome, n_telemovel, data_nascimento, salario, armazem_trabalha) VALUES (402745438, 'York Yakubowicz', 931677812, '1983-01-16', 1212, 'Viana do Castelo');
INSERT INTO BW.Funcionario (num_funcionario, nome, n_telemovel, data_nascimento, salario, armazem_trabalha) VALUES (103935585, 'Jorrie Trusdale', 925121079, '1997-04-11', 1434, 'Viana do Castelo');
INSERT INTO BW.Funcionario (num_funcionario, nome, n_telemovel, data_nascimento, salario, armazem_trabalha) VALUES (384827849, 'Gina Glassborow', 940423567, '1977-01-13', 1410, 'Viana do Castelo');
INSERT INTO BW.Funcionario (num_funcionario, nome, n_telemovel, data_nascimento, salario, armazem_trabalha) VALUES (612914043, 'Sophi Turnor', 968737877, '1966-04-25', 1116, 'Viana do Castelo');
INSERT INTO BW.Funcionario (num_funcionario, nome, n_telemovel, data_nascimento, salario, armazem_trabalha) VALUES (373697868, 'Merralee Glasner', 981968989, '1986-08-25', 1383, 'Viana do Castelo');
-- transportador
INSERT INTO BW.Funcionario (num_funcionario, nome, n_telemovel, data_nascimento, salario, armazem_trabalha) VALUES (986345648, 'Parry Harley', 989495723, '1958-06-16', 1200, 'Viana do Castelo');
INSERT INTO BW.Funcionario (num_funcionario, nome, n_telemovel, data_nascimento, salario, armazem_trabalha) VALUES (171756864, 'Hestia Chatan', 968776752, '1964-07-13', 1401, 'Viana do Castelo');
INSERT INTO BW.Funcionario (num_funcionario, nome, n_telemovel, data_nascimento, salario, armazem_trabalha) VALUES (027306429, 'Krista Charrisson', 928040628, '1991-04-04', 1010, 'Viana do Castelo');
INSERT INTO BW.Funcionario (num_funcionario, nome, n_telemovel, data_nascimento, salario, armazem_trabalha) VALUES (431161499, 'Madlin Hardesty', 949782670, '1954-03-31', 894, 'Viana do Castelo');
INSERT INTO BW.Funcionario (num_funcionario, nome, n_telemovel, data_nascimento, salario, armazem_trabalha) VALUES (276522465, 'Franz Gates', 903156512, '1981-04-16', 1100, 'Viana do Castelo');
INSERT INTO BW.Funcionario (num_funcionario, nome, n_telemovel, data_nascimento, salario, armazem_trabalha) VALUES (436581675, 'Ignatius Troctor', 997267377, '1991-09-16', 1487, 'Viana do Castelo');
INSERT INTO BW.Funcionario (num_funcionario, nome, n_telemovel, data_nascimento, salario, armazem_trabalha) VALUES (573591381, 'Cornela Blaxley', 900390224, '1961-08-29', 1249, 'Viana do Castelo');
INSERT INTO BW.Funcionario (num_funcionario, nome, n_telemovel, data_nascimento, salario, armazem_trabalha) VALUES (747362209, 'Nani Draper', 973188419, '1985-09-29', 710, 'Viana do Castelo');
INSERT INTO BW.Funcionario (num_funcionario, nome, n_telemovel, data_nascimento, salario, armazem_trabalha) VALUES (735308112, 'Eilis Goody', 957577266, '1953-09-13', 1070, 'Viana do Castelo');
INSERT INTO BW.Funcionario (num_funcionario, nome, n_telemovel, data_nascimento, salario, armazem_trabalha) VALUES (129997684, 'Truman Hansill', 926289233, '1971-01-15', 1495, 'Viana do Castelo');
INSERT INTO BW.Funcionario (num_funcionario, nome, n_telemovel, data_nascimento, salario, armazem_trabalha) VALUES (870649106, 'Rey Houlston', 962323331, '1959-05-11', 1344, 'Viana do Castelo');
INSERT INTO BW.Funcionario (num_funcionario, nome, n_telemovel, data_nascimento, salario, armazem_trabalha) VALUES (481420645, 'Siegfried Sayers', 989331340, '1998-12-21', 1451, 'Viana do Castelo');
INSERT INTO BW.Funcionario (num_funcionario, nome, n_telemovel, data_nascimento, salario, armazem_trabalha) VALUES (693777609, 'Arlana Skillen', 997299815, '1981-06-08', 1020, 'Viana do Castelo');
INSERT INTO BW.Funcionario (num_funcionario, nome, n_telemovel, data_nascimento, salario, armazem_trabalha) VALUES (361122124, 'Sheeree Mourton', 942591546, '1969-07-13', 1420, 'Viana do Castelo');
INSERT INTO BW.Funcionario (num_funcionario, nome, n_telemovel, data_nascimento, salario, armazem_trabalha) VALUES (787909278, 'Ashton Ivanyushkin', 950380425, '1990-08-09', 1479, 'Viana do Castelo');
-- operadores
INSERT INTO BW.Funcionario (num_funcionario, nome, n_telemovel, data_nascimento, salario, armazem_trabalha) VALUES (645110989, 'Blaine Jennaway', 931138496, '1971-01-27', 764, 'Viana do Castelo');
INSERT INTO BW.Funcionario (num_funcionario, nome, n_telemovel, data_nascimento, salario, armazem_trabalha) VALUES (875829119, 'Nancee Renzullo', 946159404, '1955-08-05', 1345, 'Viana do Castelo');
INSERT INTO BW.Funcionario (num_funcionario, nome, n_telemovel, data_nascimento, salario, armazem_trabalha) VALUES (393918141, 'Raynell Sorsbie', 970539280, '1999-01-30', 785, 'Viana do Castelo');
INSERT INTO BW.Funcionario (num_funcionario, nome, n_telemovel, data_nascimento, salario, armazem_trabalha) VALUES (903641153, 'Siegfried Toke', 924393774, '1994-08-22', 1395, 'Viana do Castelo');
INSERT INTO BW.Funcionario (num_funcionario, nome, n_telemovel, data_nascimento, salario, armazem_trabalha) VALUES (577070883, 'Randolf Altofts', 965167009, '1998-04-15', 1419, 'Viana do Castelo');
INSERT INTO BW.Funcionario (num_funcionario, nome, n_telemovel, data_nascimento, salario, armazem_trabalha) VALUES (359908776, 'Berthe Crux', 914723346, '1986-03-10', 802, 'Viana do Castelo');
INSERT INTO BW.Funcionario (num_funcionario, nome, n_telemovel, data_nascimento, salario, armazem_trabalha) VALUES (477761905, 'Merci Gullis', 910987993, '1977-04-15', 1220, 'Viana do Castelo');
INSERT INTO BW.Funcionario (num_funcionario, nome, n_telemovel, data_nascimento, salario, armazem_trabalha) VALUES (242524100, 'Trixie Tinston', 937596684, '1952-12-31', 1254, 'Viana do Castelo');
INSERT INTO BW.Funcionario (num_funcionario, nome, n_telemovel, data_nascimento, salario, armazem_trabalha) VALUES (703082769, 'Hamlin Egarr', 966141185, '1980-04-02', 650, 'Viana do Castelo');
INSERT INTO BW.Funcionario (num_funcionario, nome, n_telemovel, data_nascimento, salario, armazem_trabalha) VALUES (306203981, 'Early Bowering', 946630621, '1968-02-18', 1020, 'Viana do Castelo');
INSERT INTO BW.Funcionario (num_funcionario, nome, n_telemovel, data_nascimento, salario, armazem_trabalha) VALUES (126656771, 'Marylynne Romaynes', 969246395, '1985-12-16', 765, 'Viana do Castelo');
INSERT INTO BW.Funcionario (num_funcionario, nome, n_telemovel, data_nascimento, salario, armazem_trabalha) VALUES (373404434, 'Emili Sigsworth', 965987621, '1962-09-21', 1225, 'Viana do Castelo');
INSERT INTO BW.Funcionario (num_funcionario, nome, n_telemovel, data_nascimento, salario, armazem_trabalha) VALUES (024772330, 'Meriel Closs', 905789913, '1966-06-18', 1405, 'Viana do Castelo');
INSERT INTO BW.Funcionario (num_funcionario, nome, n_telemovel, data_nascimento, salario, armazem_trabalha) VALUES (194657791, 'Olga Veel', 985485857, '1983-07-15', 1147, 'Viana do Castelo');
INSERT INTO BW.Funcionario (num_funcionario, nome, n_telemovel, data_nascimento, salario, armazem_trabalha) VALUES (161759405, 'Mattie Radnage', 937348290, '1956-01-06', 1057, 'Viana do Castelo');

-- Gerente
INSERT INTO BW.Gerente (num_funcionario, gere_armazem) VALUES (555614427, 'Viana do Castelo');

-- Operador
INSERT INTO BW.Operador (num_funcionario, num_responsavel) VALUES (645110989, null);
INSERT INTO BW.Operador (num_funcionario, num_responsavel) VALUES (194657791,null);
INSERT INTO BW.Operador (num_funcionario, num_responsavel) VALUES (875829119,645110989);
INSERT INTO BW.Operador (num_funcionario, num_responsavel) VALUES (393918141,645110989);
INSERT INTO BW.Operador (num_funcionario, num_responsavel) VALUES (903641153,645110989);
INSERT INTO BW.Operador (num_funcionario, num_responsavel) VALUES (577070883,645110989);
INSERT INTO BW.Operador (num_funcionario, num_responsavel) VALUES (359908776,645110989);
INSERT INTO BW.Operador (num_funcionario, num_responsavel) VALUES (477761905,645110989);
INSERT INTO BW.Operador (num_funcionario, num_responsavel) VALUES (242524100,645110989);
INSERT INTO BW.Operador (num_funcionario, num_responsavel) VALUES (703082769,194657791);
INSERT INTO BW.Operador (num_funcionario, num_responsavel) VALUES (306203981,194657791);
INSERT INTO BW.Operador (num_funcionario, num_responsavel) VALUES (126656771,194657791);
INSERT INTO BW.Operador (num_funcionario, num_responsavel) VALUES (373404434,194657791);
INSERT INTO BW.Operador (num_funcionario, num_responsavel) VALUES (024772330,194657791);
INSERT INTO BW.Operador (num_funcionario, num_responsavel) VALUES (161759405,194657791);


-- Transportador
INSERT INTO BW.Transportador (num_funcionario) VALUES (986345648);
INSERT INTO BW.Transportador (num_funcionario) VALUES (171756864);
INSERT INTO BW.Transportador (num_funcionario) VALUES (027306429);
INSERT INTO BW.Transportador (num_funcionario) VALUES (431161499);
INSERT INTO BW.Transportador (num_funcionario) VALUES (276522465);
INSERT INTO BW.Transportador (num_funcionario) VALUES (436581675);
INSERT INTO BW.Transportador (num_funcionario) VALUES (573591381);
INSERT INTO BW.Transportador (num_funcionario) VALUES (747362209);
INSERT INTO BW.Transportador (num_funcionario) VALUES (735308112);
INSERT INTO BW.Transportador (num_funcionario) VALUES (129997684);
INSERT INTO BW.Transportador (num_funcionario) VALUES (870649106);
INSERT INTO BW.Transportador (num_funcionario) VALUES (481420645);
INSERT INTO BW.Transportador (num_funcionario) VALUES (693777609);
INSERT INTO BW.Transportador (num_funcionario) VALUES (361122124);
INSERT INTO BW.Transportador (num_funcionario) VALUES (787909278);


-- Promotor de Vendas
INSERT INTO BW.PromotorVendas (num_funcionario, zona_designada) VALUES (820150665,'Viana do Castelo');
INSERT INTO BW.PromotorVendas (num_funcionario, zona_designada) VALUES (990910133,'Viana do Castelo');
INSERT INTO BW.PromotorVendas (num_funcionario, zona_designada) VALUES (897561899,'Viana do Castelo');
INSERT INTO BW.PromotorVendas (num_funcionario, zona_designada) VALUES (686477431,'Viana do Castelo');
INSERT INTO BW.PromotorVendas (num_funcionario, zona_designada) VALUES (712426431,'Viana do Castelo');
INSERT INTO BW.PromotorVendas (num_funcionario, zona_designada) VALUES (177221892,'Viana do Castelo');
INSERT INTO BW.PromotorVendas (num_funcionario, zona_designada) VALUES (116673318,'Viana do Castelo');
INSERT INTO BW.PromotorVendas (num_funcionario, zona_designada) VALUES (818863474,'Viana do Castelo');
INSERT INTO BW.PromotorVendas (num_funcionario, zona_designada) VALUES (316319177,'Viana do Castelo');
INSERT INTO BW.PromotorVendas (num_funcionario, zona_designada) VALUES (423829773,'Viana do Castelo');
INSERT INTO BW.PromotorVendas (num_funcionario, zona_designada) VALUES (337489579,'Viana do Castelo');
INSERT INTO BW.PromotorVendas (num_funcionario, zona_designada) VALUES (073644217,'Viana do Castelo');
INSERT INTO BW.PromotorVendas (num_funcionario, zona_designada) VALUES (740749536,'Viana do Castelo');
INSERT INTO BW.PromotorVendas (num_funcionario, zona_designada) VALUES (717193840,'Viana do Castelo');
INSERT INTO BW.PromotorVendas (num_funcionario, zona_designada) VALUES (592568642,'Viana do Castelo');
INSERT INTO BW.PromotorVendas (num_funcionario, zona_designada) VALUES (215714281,'Viana do Castelo');
INSERT INTO BW.PromotorVendas (num_funcionario, zona_designada) VALUES (660453459,'Viana do Castelo');
INSERT INTO BW.PromotorVendas (num_funcionario, zona_designada) VALUES (849626111,'Viana do Castelo');
INSERT INTO BW.PromotorVendas (num_funcionario, zona_designada) VALUES (237908421,'Braga');
INSERT INTO BW.PromotorVendas (num_funcionario, zona_designada) VALUES (087742991,'Braga');
INSERT INTO BW.PromotorVendas (num_funcionario, zona_designada) VALUES (845213044,'Braga');
INSERT INTO BW.PromotorVendas (num_funcionario, zona_designada) VALUES (830915505,'Braga');
INSERT INTO BW.PromotorVendas (num_funcionario, zona_designada) VALUES (238608729,'Braga');
INSERT INTO BW.PromotorVendas (num_funcionario, zona_designada) VALUES (883093915,'Braga');
INSERT INTO BW.PromotorVendas (num_funcionario, zona_designada) VALUES (924573041,'Braga');
INSERT INTO BW.PromotorVendas (num_funcionario, zona_designada) VALUES (326042621,'Braga');
INSERT INTO BW.PromotorVendas (num_funcionario, zona_designada) VALUES (411286357,'Braga');
INSERT INTO BW.PromotorVendas (num_funcionario, zona_designada) VALUES (443132451,'Braga');
INSERT INTO BW.PromotorVendas (num_funcionario, zona_designada) VALUES (948942245,'Braga');
INSERT INTO BW.PromotorVendas (num_funcionario, zona_designada) VALUES (614371301,'Braga');
INSERT INTO BW.PromotorVendas (num_funcionario, zona_designada) VALUES (625674930,'Vila Real');
INSERT INTO BW.PromotorVendas (num_funcionario, zona_designada) VALUES (459442638,'Vila Real');
INSERT INTO BW.PromotorVendas (num_funcionario, zona_designada) VALUES (230137979,'Vila Real');
INSERT INTO BW.PromotorVendas (num_funcionario, zona_designada) VALUES (673413735,'Vila Real');
INSERT INTO BW.PromotorVendas (num_funcionario, zona_designada) VALUES (406482403,'Vila Real');
INSERT INTO BW.PromotorVendas (num_funcionario, zona_designada) VALUES (025743176,'Vila Real');
INSERT INTO BW.PromotorVendas (num_funcionario, zona_designada) VALUES (071479945,'Vila Real');
INSERT INTO BW.PromotorVendas (num_funcionario, zona_designada) VALUES (712864011,'Vila Real');
INSERT INTO BW.PromotorVendas (num_funcionario, zona_designada) VALUES (435234862,'Vila Real');
INSERT INTO BW.PromotorVendas (num_funcionario, zona_designada) VALUES (555881920,'Porto');
INSERT INTO BW.PromotorVendas (num_funcionario, zona_designada) VALUES (163542148,'Porto');
INSERT INTO BW.PromotorVendas (num_funcionario, zona_designada) VALUES (598508038,'Porto');
INSERT INTO BW.PromotorVendas (num_funcionario, zona_designada) VALUES (388240283,'Porto');
INSERT INTO BW.PromotorVendas (num_funcionario, zona_designada) VALUES (529655938,'Porto');
INSERT INTO BW.PromotorVendas (num_funcionario, zona_designada) VALUES (402745438,'Porto');
INSERT INTO BW.PromotorVendas (num_funcionario, zona_designada) VALUES (103935585,'Porto');
INSERT INTO BW.PromotorVendas (num_funcionario, zona_designada) VALUES (384827849,'Porto');
INSERT INTO BW.PromotorVendas (num_funcionario, zona_designada) VALUES (612914043,'Porto');
INSERT INTO BW.PromotorVendas (num_funcionario, zona_designada) VALUES (373697868,'Porto');

-- Automoveis
-- pesados
INSERT INTO BW.Automoveis (matricula, responsavel, em_utilizacao, armazem_resp) VALUES ('V7-2V-G0', 986345648, 0, 'Viana do Castelo');
INSERT INTO BW.Automoveis (matricula, responsavel, em_utilizacao, armazem_resp) VALUES ('X8-8D-J5', 986345648, 0, 'Viana do Castelo');
INSERT INTO BW.Automoveis (matricula, responsavel, em_utilizacao, armazem_resp) VALUES ('M7-4X-I7', 986345648, 0, 'Viana do Castelo');
INSERT INTO BW.Automoveis (matricula, responsavel, em_utilizacao, armazem_resp) VALUES ('H0-3S-J2', 986345648, 0, 'Viana do Castelo');
INSERT INTO BW.Automoveis (matricula, responsavel, em_utilizacao, armazem_resp) VALUES ('X9-5S-E6', 171756864, 1, 'Viana do Castelo');
INSERT INTO BW.Automoveis (matricula, responsavel, em_utilizacao, armazem_resp) VALUES ('C9-3H-F3', 171756864, 1, 'Viana do Castelo');
INSERT INTO BW.Automoveis (matricula, responsavel, em_utilizacao, armazem_resp) VALUES ('H6-7X-Z1', 171756864, 1, 'Viana do Castelo');
INSERT INTO BW.Automoveis (matricula, responsavel, em_utilizacao, armazem_resp) VALUES ('A0-9G-J0', 171756864, 1, 'Viana do Castelo');
INSERT INTO BW.Automoveis (matricula, responsavel, em_utilizacao, armazem_resp) VALUES ('E6-9G-E2', 171756864, 1, 'Viana do Castelo');
INSERT INTO BW.Automoveis (matricula, responsavel, em_utilizacao, armazem_resp) VALUES ('G8-5R-V5', 171756864, 1, 'Viana do Castelo');
-- ligeiros
INSERT INTO BW.Automoveis (matricula, responsavel, em_utilizacao, armazem_resp) VALUES ('P0-1A-Y7', 431161499, 1, 'Viana do Castelo');
INSERT INTO BW.Automoveis (matricula, responsavel, em_utilizacao, armazem_resp) VALUES ('M0-5Q-J5', 431161499, 0, 'Viana do Castelo');
INSERT INTO BW.Automoveis (matricula, responsavel, em_utilizacao, armazem_resp) VALUES ('A3-5D-P1', 431161499, 1, 'Viana do Castelo');
INSERT INTO BW.Automoveis (matricula, responsavel, em_utilizacao, armazem_resp) VALUES ('Z1-0Z-P5', 431161499, 1, 'Viana do Castelo');
INSERT INTO BW.Automoveis (matricula, responsavel, em_utilizacao, armazem_resp) VALUES ('F7-0Z-R3', 431161499, 0, 'Viana do Castelo');
INSERT INTO BW.Automoveis (matricula, responsavel, em_utilizacao, armazem_resp) VALUES ('T3-7U-X5', 431161499, 1, 'Viana do Castelo');
INSERT INTO BW.Automoveis (matricula, responsavel, em_utilizacao, armazem_resp) VALUES ('K8-1A-Y7', 431161499, 0, 'Viana do Castelo');
INSERT INTO BW.Automoveis (matricula, responsavel, em_utilizacao, armazem_resp) VALUES ('Q3-2D-F7', 431161499, 0, 'Viana do Castelo');
INSERT INTO BW.Automoveis (matricula, responsavel, em_utilizacao, armazem_resp) VALUES ('T6-1I-Y2', 735308112, 1, 'Viana do Castelo');
INSERT INTO BW.Automoveis (matricula, responsavel, em_utilizacao, armazem_resp) VALUES ('W7-4O-P4', 735308112, 0, 'Viana do Castelo');
INSERT INTO BW.Automoveis (matricula, responsavel, em_utilizacao, armazem_resp) VALUES ('H7-9U-S8', 735308112, 1, 'Viana do Castelo');
INSERT INTO BW.Automoveis (matricula, responsavel, em_utilizacao, armazem_resp) VALUES ('E8-9R-K9', 735308112, 0, 'Viana do Castelo');
INSERT INTO BW.Automoveis (matricula, responsavel, em_utilizacao, armazem_resp) VALUES ('K7-3Q-M7', 735308112, 0, 'Viana do Castelo');
INSERT INTO BW.Automoveis (matricula, responsavel, em_utilizacao, armazem_resp) VALUES ('D9-7H-Z9', 735308112, 1, 'Viana do Castelo');
INSERT INTO BW.Automoveis (matricula, responsavel, em_utilizacao, armazem_resp) VALUES ('O7-8W-A6', 735308112, 0, 'Viana do Castelo');
INSERT INTO BW.Automoveis (matricula, responsavel, em_utilizacao, armazem_resp) VALUES ('Q8-9D-P1', 735308112, 0, 'Viana do Castelo');

--Pesado
INSERT INTO BW.Pesado (matricula, carga) VALUES ('V7-2V-G0',1300);
INSERT INTO BW.Pesado (matricula, carga) VALUES ('X8-8D-J5',3123);
INSERT INTO BW.Pesado (matricula, carga) VALUES ('M7-4X-I7',4322);
INSERT INTO BW.Pesado (matricula, carga) VALUES ('H0-3S-J2',1124);
INSERT INTO BW.Pesado (matricula, carga) VALUES ('X9-5S-E6',3241);
INSERT INTO BW.Pesado (matricula, carga) VALUES ('C9-3H-F3',1234);
INSERT INTO BW.Pesado (matricula, carga) VALUES ('H6-7X-Z1',4332);
INSERT INTO BW.Pesado (matricula, carga) VALUES ('A0-9G-J0',2355);
INSERT INTO BW.Pesado (matricula, carga) VALUES ('E6-9G-E2',1566);
INSERT INTO BW.Pesado (matricula, carga) VALUES ('G8-5R-V5',1235);

-- Ligeiro
INSERT INTO BW.Ligeiro (matricula, utilizado_por) VALUES ('P0-1A-Y7', 820150665);
INSERT INTO BW.Ligeiro (matricula, utilizado_por) VALUES ('M0-5Q-J5', 820150665);
INSERT INTO BW.Ligeiro (matricula, utilizado_por) VALUES ('A3-5D-P1', 820150665);
INSERT INTO BW.Ligeiro (matricula, utilizado_por) VALUES ('Z1-0Z-P5', 820150665);
INSERT INTO BW.Ligeiro (matricula, utilizado_por) VALUES ('F7-0Z-R3', 820150665);
INSERT INTO BW.Ligeiro (matricula, utilizado_por) VALUES ('T3-7U-X5', 897561899);
INSERT INTO BW.Ligeiro (matricula, utilizado_por) VALUES ('K8-1A-Y7', 897561899);
INSERT INTO BW.Ligeiro (matricula, utilizado_por) VALUES ('Q3-2D-F7', 897561899);
INSERT INTO BW.Ligeiro (matricula, utilizado_por) VALUES ('T6-1I-Y2', 897561899);
INSERT INTO BW.Ligeiro (matricula, utilizado_por) VALUES ('W7-4O-P4', 177221892);
INSERT INTO BW.Ligeiro (matricula, utilizado_por) VALUES ('H7-9U-S8', 177221892);
INSERT INTO BW.Ligeiro (matricula, utilizado_por) VALUES ('E8-9R-K9', 177221892);
INSERT INTO BW.Ligeiro (matricula, utilizado_por) VALUES ('K7-3Q-M7', 818863474);
INSERT INTO BW.Ligeiro (matricula, utilizado_por) VALUES ('D9-7H-Z9', 818863474);
INSERT INTO BW.Ligeiro (matricula, utilizado_por) VALUES ('O7-8W-A6', 337489579);
INSERT INTO BW.Ligeiro (matricula, utilizado_por) VALUES ('Q8-9D-P1', 337489579);

-- Encomenda
INSERT INTO BW.Encomenda (numero, data_realizacao, transportador, veiculo_transp) VALUES (1, '2021-01-21', 027306429, 'C9-3H-F3');
INSERT INTO BW.Encomenda (numero, data_realizacao, transportador, veiculo_transp) VALUES (2, '2021-03-15', 693777609, 'E6-9G-E2');
INSERT INTO BW.Encomenda (numero, data_realizacao, transportador, veiculo_transp) VALUES (3, '2020-11-02', 431161499, 'A0-9G-J0');
INSERT INTO BW.Encomenda (numero, data_realizacao, transportador, veiculo_transp) VALUES (4, '2020-10-16', 693777609, 'G8-5R-V5');
INSERT INTO BW.Encomenda (numero, data_realizacao, transportador, veiculo_transp) VALUES (5, '2021-03-15', 747362209, 'A0-9G-J0');
INSERT INTO BW.Encomenda (numero, data_realizacao, transportador, veiculo_transp) VALUES (6, '2021-03-30', 986345648, 'E6-9G-E2');
INSERT INTO BW.Encomenda (numero, data_realizacao, transportador, veiculo_transp) VALUES (7, '2021-04-09', 171756864, 'A0-9G-J0');
INSERT INTO BW.Encomenda (numero, data_realizacao, transportador, veiculo_transp) VALUES (8, '2021-04-02', 171756864, 'G8-5R-V5');
INSERT INTO BW.Encomenda (numero, data_realizacao, transportador, veiculo_transp) VALUES (9, '2020-07-31', 431161499, 'C9-3H-F3');
INSERT INTO BW.Encomenda (numero, data_realizacao, transportador, veiculo_transp) VALUES (10, '2021-04-07', 986345648, 'A0-9G-J0');


--Produto
INSERT INTO BW.Produto (codigo, preco, nome, peso) VALUES (4050455, 0.67, 'Agua Mineral Fastio - 1L',1.1);
INSERT INTO BW.Produto (codigo, preco, nome, peso) VALUES (0284073, 0.45, 'Agua Mineral Fastio - 0.5L',0.6);
INSERT INTO BW.Produto (codigo, preco, nome, peso) VALUES (6635329, 0.26, 'Agua Mineral Fastio - 0.33L',0.4);
INSERT INTO BW.Produto (codigo, preco, nome, peso) VALUES (4742993, 0.79, 'Agua Mineral Fastio - 1.5L',1.6);
INSERT INTO BW.Produto (codigo, preco, nome, peso) VALUES (0092338, 0.30, 'Frutol Laranja 0.33L',0.4);
INSERT INTO BW.Produto (codigo, preco, nome, peso) VALUES (6309780, 0.65, 'Frutol Laranja 1L',1.1);
INSERT INTO BW.Produto (codigo, preco, nome, peso) VALUES (0435264, 0.30, 'Frutol Ananás Menta 0.33L',0.4);
INSERT INTO BW.Produto (codigo, preco, nome, peso) VALUES (6814563, 0.65, 'Frutol Ananás Menta 1L',1.1);
INSERT INTO BW.Produto (codigo, preco, nome, peso) VALUES (1523993, 0.30, 'Frutol Laranja Maracujá 0.33L',0.4);
INSERT INTO BW.Produto (codigo, preco, nome, peso) VALUES (1918195, 0.65, 'Frutol Laranja Maracujá 1L',1.1);
INSERT INTO BW.Produto (codigo, preco, nome, peso) VALUES (2953809, 0.30, 'Frutol Frutos Vermelhos 0.33L',0.4);
INSERT INTO BW.Produto (codigo, preco, nome, peso) VALUES (4461693, 0.65, 'Frutol Laranja Maracujá 1L',1.1);
INSERT INTO BW.Produto (codigo, preco, nome, peso) VALUES (2566352, 0.44, 'Frize Limão 0.33L',0.4);
INSERT INTO BW.Produto (codigo, preco, nome, peso) VALUES (1104978, 0.44, 'Frize Frutos Vermelhos 0.33L',0.4);
INSERT INTO BW.Produto (codigo, preco, nome, peso) VALUES (1162622, 0.44, 'Frize Laranja 0.33L',0.4);
INSERT INTO BW.Produto (codigo, preco, nome, peso) VALUES (2021983, 10.99, 'Palete 50x  Agua Fastio 0.33L',20.0);
INSERT INTO BW.Produto (codigo, preco, nome, peso) VALUES (6766504, 25.00, 'Palete 50x  Agua Fastio 1L',55.0);
INSERT INTO BW.Produto (codigo, preco, nome, peso) VALUES (4321553, 19.00, 'Palete 50x  Agua Fastio 0.5L',30.0);
INSERT INTO BW.Produto (codigo, preco, nome, peso) VALUES (1532163, 35.00, 'Palete 50x  Agua Fastio 1.5L',80.0);
INSERT INTO BW.Produto (codigo, preco, nome, peso) VALUES (9256809, 23.99, 'Palete 100x  Agua Fastio 0.33L',40.0);
INSERT INTO BW.Produto (codigo, preco, nome, peso) VALUES (4678637, 59.00, 'Palete 100x  Agua Fastio 1L',110.0);
INSERT INTO BW.Produto (codigo, preco, nome, peso) VALUES (8687673, 43.00, 'Palete 100x  Agua Fastio 0.5L',60.0);
INSERT INTO BW.Produto (codigo, preco, nome, peso) VALUES (3419594, 75.00, 'Palete 100x  Agua Fastio 1.5L',160.0);
INSERT INTO BW.Produto (codigo, preco, nome, peso) VALUES (0556618, 12.99, 'Palete 50x  Frutol 0.33L',20.0);
INSERT INTO BW.Produto (codigo, preco, nome, peso) VALUES (9448384, 29.99, 'Palete 50x  Frutol 1L',55.0);
INSERT INTO BW.Produto (codigo, preco, nome, peso) VALUES (8357204, 27.99, 'Palete 100x  Frutol 0.33L',40.0);
INSERT INTO BW.Produto (codigo, preco, nome, peso) VALUES (4920978, 59.99, 'Palete 100x  Frutol 1L',110.0);
INSERT INTO BW.Produto (codigo, preco, nome, peso) VALUES (2090001, 19.99, 'Palete 50x  Frize 0.33L',20.0);
INSERT INTO BW.Produto (codigo, preco, nome, peso) VALUES (7364366, 39.99, 'Palete 100x  Frize 0.33L',40.0);

-- Venda
INSERT INTO BW.Venda (numero, data_realizacao, preco, feita_por) VALUES (1, '2020-07-29', 1783, 820150665);
INSERT INTO BW.Venda (numero, data_realizacao, preco, feita_por) VALUES (2, '2021-05-24', 200, 990910133);
INSERT INTO BW.Venda (numero, data_realizacao, preco, feita_por) VALUES (3, '2020-08-29', 2524, 820150665);
INSERT INTO BW.Venda (numero, data_realizacao, preco, feita_por) VALUES (4, '2021-01-25', 1825, 990910133);
INSERT INTO BW.Venda (numero, data_realizacao, preco, feita_por) VALUES (5, '2020-03-12', 598, 990910133);
INSERT INTO BW.Venda (numero, data_realizacao, preco, feita_por) VALUES (6, '2019-11-10', 2591, 990910133);
INSERT INTO BW.Venda (numero, data_realizacao, preco, feita_por) VALUES (7, '2020-03-08', 758, 990910133);
INSERT INTO BW.Venda (numero, data_realizacao, preco, feita_por) VALUES (8, '2019-08-15', 1749, 897561899);
INSERT INTO BW.Venda (numero, data_realizacao, preco, feita_por) VALUES (9, '2020-04-20', 2603, 897561899);
INSERT INTO BW.Venda (numero, data_realizacao, preco, feita_por) VALUES (10, '2021-04-16', 1346, 820150665);
INSERT INTO BW.Venda (numero, data_realizacao, preco, feita_por) VALUES (11, '2019-07-25', 1022, 686477431);
INSERT INTO BW.Venda (numero, data_realizacao, preco, feita_por) VALUES (12, '2021-01-16', 2599, 897561899);
INSERT INTO BW.Venda (numero, data_realizacao, preco, feita_por) VALUES (13, '2020-12-04', 1760, 897561899);
INSERT INTO BW.Venda (numero, data_realizacao, preco, feita_por) VALUES (14, '2020-06-12', 1540, 820150665);
INSERT INTO BW.Venda (numero, data_realizacao, preco, feita_por) VALUES (15, '2020-12-16', 498, 686477431);
INSERT INTO BW.Venda (numero, data_realizacao, preco, feita_por) VALUES (16, '2021-04-23', 1892, 686477431);
INSERT INTO BW.Venda (numero, data_realizacao, preco, feita_por) VALUES (17, '2020-09-04', 1675, 820150665);
INSERT INTO BW.Venda (numero, data_realizacao, preco, feita_por) VALUES (18, '2019-09-26', 1405, 820150665);
INSERT INTO BW.Venda (numero, data_realizacao, preco, feita_por) VALUES (19, '2021-03-06', 2946, 712426431);
INSERT INTO BW.Venda (numero, data_realizacao, preco, feita_por) VALUES (20, '2019-07-21', 2823, 897561899);
INSERT INTO BW.Venda (numero, data_realizacao, preco, feita_por) VALUES (21, '2019-10-08', 614, 712426431);
INSERT INTO BW.Venda (numero, data_realizacao, preco, feita_por) VALUES (22, '2019-09-18', 2955, 712426431);
INSERT INTO BW.Venda (numero, data_realizacao, preco, feita_por) VALUES (23, '2021-05-23', 2120, 820150665);
INSERT INTO BW.Venda (numero, data_realizacao, preco, feita_por) VALUES (24, '2020-04-26', 776, 712426431);
INSERT INTO BW.Venda (numero, data_realizacao, preco, feita_por) VALUES (25, '2021-06-06', 879, 177221892);
INSERT INTO BW.Venda (numero, data_realizacao, preco, feita_por) VALUES (26, '2020-04-03', 128, 177221892);
INSERT INTO BW.Venda (numero, data_realizacao, preco, feita_por) VALUES (27, '2020-03-18', 337, 177221892);
INSERT INTO BW.Venda (numero, data_realizacao, preco, feita_por) VALUES (28, '2020-08-23', 2872, 177221892);
INSERT INTO BW.Venda (numero, data_realizacao, preco, feita_por) VALUES (29, '2019-10-31', 2526, 177221892);
INSERT INTO BW.Venda (numero, data_realizacao, preco, feita_por) VALUES (30, '2019-09-20', 1329, 177221892);


-- Contem
insert into BW.Contem (num_encomenda, num_venda) values (1, 1);
insert into BW.Contem (num_encomenda, num_venda) values (2, 2);
insert into BW.Contem (num_encomenda, num_venda) values (3, 3);
insert into BW.Contem (num_encomenda, num_venda) values (4, 4);
insert into BW.Contem (num_encomenda, num_venda) values (5, 5);
insert into BW.Contem (num_encomenda, num_venda) values (6, 6);
insert into BW.Contem (num_encomenda, num_venda) values (7, 7);
insert into BW.Contem (num_encomenda, num_venda) values (8, 8);
insert into BW.Contem (num_encomenda, num_venda) values (9, 9);
insert into BW.Contem (num_encomenda, num_venda) values (10, 10);
insert into BW.Contem (num_encomenda, num_venda) values (1, 11);
insert into BW.Contem (num_encomenda, num_venda) values (2, 12);
insert into BW.Contem (num_encomenda, num_venda) values (3, 13);
insert into BW.Contem (num_encomenda, num_venda) values (4, 14);
insert into BW.Contem (num_encomenda, num_venda) values (5, 15);
insert into BW.Contem (num_encomenda, num_venda) values (6, 16);
insert into BW.Contem (num_encomenda, num_venda) values (7, 17);
insert into BW.Contem (num_encomenda, num_venda) values (8, 18);
insert into BW.Contem (num_encomenda, num_venda) values (9, 19);
insert into BW.Contem (num_encomenda, num_venda) values (10, 20);
insert into BW.Contem (num_encomenda, num_venda) values (1, 21);
insert into BW.Contem (num_encomenda, num_venda) values (2, 22);
insert into BW.Contem (num_encomenda, num_venda) values (3, 23);
insert into BW.Contem (num_encomenda, num_venda) values (4, 24);
insert into BW.Contem (num_encomenda, num_venda) values (5, 25);
insert into BW.Contem (num_encomenda, num_venda) values (6, 26);
insert into BW.Contem (num_encomenda, num_venda) values (7, 27);
insert into BW.Contem (num_encomenda, num_venda) values (8, 28);
insert into BW.Contem (num_encomenda, num_venda) values (9, 29);
insert into BW.Contem (num_encomenda, num_venda) values (10, 30);

-- Inventario 
INSERT INTO BW.Inventario (codigo, n_unidades, data_adicao, operador_resp) VALUES (1918195, 241, '2020-09-21', 645110989);
INSERT INTO BW.Inventario (codigo, n_unidades, data_adicao, operador_resp) VALUES (2953809, 788, '2021-01-01', 875829119);
INSERT INTO BW.Inventario (codigo, n_unidades, data_adicao, operador_resp) VALUES (4742993, 941, '2020-12-28', 875829119);
INSERT INTO BW.Inventario (codigo, n_unidades, data_adicao, operador_resp) VALUES (2953809, 720, '2020-06-10', 875829119);
INSERT INTO BW.Inventario (codigo, n_unidades, data_adicao, operador_resp) VALUES (6309780, 342, '2021-05-15', 645110989);
INSERT INTO BW.Inventario (codigo, n_unidades, data_adicao, operador_resp) VALUES (1918195, 941, '2021-02-28', 393918141);
INSERT INTO BW.Inventario (codigo, n_unidades, data_adicao, operador_resp) VALUES (4461693, 570, '2020-07-13', 393918141);
INSERT INTO BW.Inventario (codigo, n_unidades, data_adicao, operador_resp) VALUES (4461693, 911, '2021-03-04', 703082769);
INSERT INTO BW.Inventario (codigo, n_unidades, data_adicao, operador_resp) VALUES (6309780, 378, '2020-09-07', 242524100);
INSERT INTO BW.Inventario (codigo, n_unidades, data_adicao, operador_resp) VALUES (4461693, 852, '2020-12-19', 306203981);
INSERT INTO BW.Inventario (codigo, n_unidades, data_adicao, operador_resp) VALUES (6814563, 567, '2020-08-26', 645110989);
INSERT INTO BW.Inventario (codigo, n_unidades, data_adicao, operador_resp) VALUES (6814563, 165, '2020-08-10', 703082769);
INSERT INTO BW.Inventario (codigo, n_unidades, data_adicao, operador_resp) VALUES (0435264, 313, '2020-06-29', 645110989);
INSERT INTO BW.Inventario (codigo, n_unidades, data_adicao, operador_resp) VALUES (2566352, 655, '2021-06-08', 393918141);
INSERT INTO BW.Inventario (codigo, n_unidades, data_adicao, operador_resp) VALUES (2566352, 259, '2020-11-11', 242524100);

-- Comprador
INSERT INTO BW.Comprador (num_comprador, n_telefone, nome, localizacao) VALUES (2770157, 945853711, 'Nanine Treneer', 'Porto');
INSERT INTO BW.Comprador (num_comprador, n_telefone, nome, localizacao) VALUES (5244931, 981096070, 'Jeane Sheldrake', 'Viana do Castelo');
INSERT INTO BW.Comprador (num_comprador, n_telefone, nome, localizacao) VALUES (5315763, 991393805, 'Arnoldo Ginn', 'Braga');
INSERT INTO BW.Comprador (num_comprador, n_telefone, nome, localizacao) VALUES (0335683, 909878497, 'Gayle Credland', 'Viana do Castelo');
INSERT INTO BW.Comprador (num_comprador, n_telefone, nome, localizacao) VALUES (9227443, 943972403, 'Evonne Klima', 'Porto');
INSERT INTO BW.Comprador (num_comprador, n_telefone, nome, localizacao) VALUES (0809100, 968691310, 'Isidore Lapworth', 'Porto');
INSERT INTO BW.Comprador (num_comprador, n_telefone, nome, localizacao) VALUES (4177864, 927557751, 'Carine Casson', 'Viana do Castelo');
INSERT INTO BW.Comprador (num_comprador, n_telefone, nome, localizacao) VALUES (1610280, 975394576, 'Mycah d''Escoffier', 'Vila Real');
INSERT INTO BW.Comprador (num_comprador, n_telefone, nome, localizacao) VALUES (0180452, 997904859, 'Lacie Cawkill', 'Vila Real');
INSERT INTO BW.Comprador (num_comprador, n_telefone, nome, localizacao) VALUES (7768868, 938375665, 'Maximo Nordass', 'Braga');
INSERT INTO BW.Comprador (num_comprador, n_telefone, nome, localizacao) VALUES (6732895, 963018004, 'Candice Priditt', 'Braga');
INSERT INTO BW.Comprador (num_comprador, n_telefone, nome, localizacao) VALUES (2310144, 942497285, 'Anne Meneghelli', 'Vila Real');
INSERT INTO BW.Comprador (num_comprador, n_telefone, nome, localizacao) VALUES (5307002, 909787282, 'Richart Dowall', 'Braga');
INSERT INTO BW.Comprador (num_comprador, n_telefone, nome, localizacao) VALUES (3307671, 995566697, 'Ringo Niave', 'Braga');
INSERT INTO BW.Comprador (num_comprador, n_telefone, nome, localizacao) VALUES (5788514, 925384277, 'Dom Whines', 'Vila Real');

-- VendaAo
INSERT INTO BW.VendaAo (num_venda, num_comprador) VALUES (1, 0180452);
INSERT INTO BW.VendaAo (num_venda, num_comprador) VALUES (2, 1610280);
INSERT INTO BW.VendaAo (num_venda, num_comprador) VALUES (3, 0335683);
INSERT INTO BW.VendaAo (num_venda, num_comprador) VALUES (4, 4177864);
INSERT INTO BW.VendaAo (num_venda, num_comprador) VALUES (5, 1610280);
INSERT INTO BW.VendaAo (num_venda, num_comprador) VALUES (6, 9227443);
INSERT INTO BW.VendaAo (num_venda, num_comprador) VALUES (7, 7768868);
INSERT INTO BW.VendaAo (num_venda, num_comprador) VALUES (8, 5307002);
INSERT INTO BW.VendaAo (num_venda, num_comprador) VALUES (9, 5244931);
INSERT INTO BW.VendaAo (num_venda, num_comprador) VALUES (10, 3307671);
INSERT INTO BW.VendaAo (num_venda, num_comprador) VALUES (11, 5307002);
INSERT INTO BW.VendaAo (num_venda, num_comprador) VALUES (12, 5244931);
INSERT INTO BW.VendaAo (num_venda, num_comprador) VALUES (13, 0335683);
INSERT INTO BW.VendaAo (num_venda, num_comprador) VALUES (14, 2770157);
INSERT INTO BW.VendaAo (num_venda, num_comprador) VALUES (15, 2310144);
INSERT INTO BW.VendaAo (num_venda, num_comprador) VALUES (16, 0180452);
INSERT INTO BW.VendaAo (num_venda, num_comprador) VALUES (17, 0335683);
INSERT INTO BW.VendaAo (num_venda, num_comprador) VALUES (18, 3307671);
INSERT INTO BW.VendaAo (num_venda, num_comprador) VALUES (19, 9227443);
INSERT INTO BW.VendaAo (num_venda, num_comprador) VALUES (20, 1610280);
INSERT INTO BW.VendaAo (num_venda, num_comprador) VALUES (21, 0809100);
INSERT INTO BW.VendaAo (num_venda, num_comprador) VALUES (22, 2310144);
INSERT INTO BW.VendaAo (num_venda, num_comprador) VALUES (23, 1610280);
INSERT INTO BW.VendaAo (num_venda, num_comprador) VALUES (24, 6732895);
INSERT INTO BW.VendaAo (num_venda, num_comprador) VALUES (25, 4177864);
INSERT INTO BW.VendaAo (num_venda, num_comprador) VALUES (26, 1610280);
INSERT INTO BW.VendaAo (num_venda, num_comprador) VALUES (27, 5788514);
INSERT INTO BW.VendaAo (num_venda, num_comprador) VALUES (28, 0180452);
INSERT INTO BW.VendaAo (num_venda, num_comprador) VALUES (29, 9227443);
INSERT INTO BW.VendaAo (num_venda, num_comprador) VALUES (30, 7768868);

--Venda Sobre
INSERT INTO BW.VendaSobre (num_venda, produtos, quantidade) VALUES (1, 1523993, 5);
INSERT INTO BW.VendaSobre (num_venda, produtos, quantidade) VALUES (2, 9256809, 3);
INSERT INTO BW.VendaSobre (num_venda, produtos, quantidade) VALUES (3, 4678637, 1);
INSERT INTO BW.VendaSobre (num_venda, produtos, quantidade) VALUES (4, 8357204, 4);
INSERT INTO BW.VendaSobre (num_venda, produtos, quantidade) VALUES (5, 1523993, 2);
INSERT INTO BW.VendaSobre (num_venda, produtos, quantidade) VALUES (6, 0284073, 12);
INSERT INTO BW.VendaSobre (num_venda, produtos, quantidade) VALUES (7, 4321553, 32);
INSERT INTO BW.VendaSobre (num_venda, produtos, quantidade) VALUES (8, 6766504, 12);
INSERT INTO BW.VendaSobre (num_venda, produtos, quantidade) VALUES (9, 2090001, 11);
INSERT INTO BW.VendaSobre (num_venda, produtos, quantidade) VALUES (10, 9256809, 24);
INSERT INTO BW.VendaSobre (num_venda, produtos, quantidade) VALUES (11, 2090001, 51);
INSERT INTO BW.VendaSobre (num_venda, produtos, quantidade) VALUES (12, 4742993, 15);
INSERT INTO BW.VendaSobre (num_venda, produtos, quantidade) VALUES (13, 2953809, 25);
INSERT INTO BW.VendaSobre (num_venda, produtos, quantidade) VALUES (14, 0092338, 35);
INSERT INTO BW.VendaSobre (num_venda, produtos, quantidade) VALUES (15, 1532163, 45);
INSERT INTO BW.VendaSobre (num_venda, produtos, quantidade) VALUES (16, 4461693, 51);
INSERT INTO BW.VendaSobre (num_venda, produtos, quantidade) VALUES (17, 1523993, 53);
INSERT INTO BW.VendaSobre (num_venda, produtos, quantidade) VALUES (18, 4920978, 54);
INSERT INTO BW.VendaSobre (num_venda, produtos, quantidade) VALUES (19, 2566352, 51);
INSERT INTO BW.VendaSobre (num_venda, produtos, quantidade) VALUES (20, 1532163, 5);
INSERT INTO BW.VendaSobre (num_venda, produtos, quantidade) VALUES (21, 1162622, 15);
INSERT INTO BW.VendaSobre (num_venda, produtos, quantidade) VALUES (22, 6814563, 12);
INSERT INTO BW.VendaSobre (num_venda, produtos, quantidade) VALUES (23, 0435264, 17);
INSERT INTO BW.VendaSobre (num_venda, produtos, quantidade) VALUES (24, 2021983, 14);
INSERT INTO BW.VendaSobre (num_venda, produtos, quantidade) VALUES (25, 8687673, 14);
INSERT INTO BW.VendaSobre (num_venda, produtos, quantidade) VALUES (26, 0435264, 14);
INSERT INTO BW.VendaSobre (num_venda, produtos, quantidade) VALUES (27, 1918195, 16);
INSERT INTO BW.VendaSobre (num_venda, produtos, quantidade) VALUES (28, 3419594, 17);
INSERT INTO BW.VendaSobre (num_venda, produtos, quantidade) VALUES (29, 0556618, 17);
INSERT INTO BW.VendaSobre (num_venda, produtos, quantidade) VALUES (30, 8687673, 19);
INSERT INTO BW.VendaSobre (num_venda, produtos, quantidade) VALUES (28, 4321553, 51);
INSERT INTO BW.VendaSobre (num_venda, produtos, quantidade) VALUES (15, 4678637, 53);
INSERT INTO BW.VendaSobre (num_venda, produtos, quantidade) VALUES (19, 9256809, 34);
INSERT INTO BW.VendaSobre (num_venda, produtos, quantidade) VALUES (25, 0284073, 23);
INSERT INTO BW.VendaSobre (num_venda, produtos, quantidade) VALUES (19, 4050455, 21);
INSERT INTO BW.VendaSobre (num_venda, produtos, quantidade) VALUES (21, 8357204, 43);
INSERT INTO BW.VendaSobre (num_venda, produtos, quantidade) VALUES (16, 6766504, 23);
INSERT INTO BW.VendaSobre (num_venda, produtos, quantidade) VALUES (19, 4678637, 31);
INSERT INTO BW.VendaSobre (num_venda, produtos, quantidade) VALUES (15, 4742993, 11);
INSERT INTO BW.VendaSobre (num_venda, produtos, quantidade) VALUES (24, 4920978, 12);
INSERT INTO BW.VendaSobre (num_venda, produtos, quantidade) VALUES (21, 4742993, 16);
INSERT INTO BW.VendaSobre (num_venda, produtos, quantidade) VALUES (13, 4920978, 17);
INSERT INTO BW.VendaSobre (num_venda, produtos, quantidade) VALUES (17, 1104978, 26);
INSERT INTO BW.VendaSobre (num_venda, produtos, quantidade) VALUES (23, 4742993, 24);
INSERT INTO BW.VendaSobre (num_venda, produtos, quantidade) VALUES (14, 1523993, 27);
INSERT INTO BW.VendaSobre (num_venda, produtos, quantidade) VALUES (25, 6814563, 38);
INSERT INTO BW.VendaSobre (num_venda, produtos, quantidade) VALUES (10, 0556618, 39);
INSERT INTO BW.VendaSobre (num_venda, produtos, quantidade) VALUES (18, 8687673, 52);
INSERT INTO BW.VendaSobre (num_venda, produtos, quantidade) VALUES (20, 2090001, 25);
INSERT INTO BW.VendaSobre (num_venda, produtos, quantidade) VALUES (14, 1918195, 35);
INSERT INTO BW.VendaSobre (num_venda, produtos, quantidade) VALUES (19, 3419594, 55);
INSERT INTO BW.VendaSobre (num_venda, produtos, quantidade) VALUES (14, 4050455, 57);
INSERT INTO BW.VendaSobre (num_venda, produtos, quantidade) VALUES (24, 2090001, 55);
INSERT INTO BW.VendaSobre (num_venda, produtos, quantidade) VALUES (11, 7364366, 58);
INSERT INTO BW.VendaSobre (num_venda, produtos, quantidade) VALUES (20, 1523993, 54);
INSERT INTO BW.VendaSobre (num_venda, produtos, quantidade) VALUES (16, 4742993, 15);
INSERT INTO BW.VendaSobre (num_venda, produtos, quantidade) VALUES (24, 1918195, 85);
INSERT INTO BW.VendaSobre (num_venda, produtos, quantidade) VALUES (21, 9448384, 55);
INSERT INTO BW.VendaSobre (num_venda, produtos, quantidade) VALUES (22, 1918195, 18);
INSERT INTO BW.VendaSobre (num_venda, produtos, quantidade) VALUES (14, 1104978, 54);
INSERT INTO BW.VendaSobre (num_venda, produtos, quantidade) VALUES (17, 2566352, 65);
INSERT INTO BW.VendaSobre (num_venda, produtos, quantidade) VALUES (15, 9256809, 17);
INSERT INTO BW.VendaSobre (num_venda, produtos, quantidade) VALUES (19, 4321553, 19);
INSERT INTO BW.VendaSobre (num_venda, produtos, quantidade) VALUES (15, 6814563, 60);
INSERT INTO BW.VendaSobre (num_venda, produtos, quantidade) VALUES (16, 8357204, 17);
INSERT INTO BW.VendaSobre (num_venda, produtos, quantidade) VALUES (29, 1104978, 86);
INSERT INTO BW.VendaSobre (num_venda, produtos, quantidade) VALUES (30, 1532163, 32);
INSERT INTO BW.VendaSobre (num_venda, produtos, quantidade) VALUES (29, 2021983, 32);
INSERT INTO BW.VendaSobre (num_venda, produtos, quantidade) VALUES (14, 6814563, 12);
INSERT INTO BW.VendaSobre (num_venda, produtos, quantidade) VALUES (17, 0435264, 15);
INSERT INTO BW.VendaSobre (num_venda, produtos, quantidade) VALUES (19, 1162622, 35);
INSERT INTO BW.VendaSobre (num_venda, produtos, quantidade) VALUES (25, 0556618, 25);
INSERT INTO BW.VendaSobre (num_venda, produtos, quantidade) VALUES (17, 4461693, 15);
INSERT INTO BW.VendaSobre (num_venda, produtos, quantidade) VALUES (15, 3419594, 15);

-- Rotas
INSERT INTO BW.Rotas (id) VALUES (1);
INSERT INTO BW.Rotas (id) VALUES (2);
INSERT INTO BW.Rotas (id) VALUES (3);
INSERT INTO BW.Rotas (id) VALUES (4);
INSERT INTO BW.Rotas (id) VALUES (5);
INSERT INTO BW.Rotas (id) VALUES (6);
INSERT INTO BW.Rotas (id) VALUES (7);
INSERT INTO BW.Rotas (id) VALUES (8);
INSERT INTO BW.Rotas (id) VALUES (9);
INSERT INTO BW.Rotas (id) VALUES (10);
INSERT INTO BW.Rotas (id) VALUES (11);
INSERT INTO BW.Rotas (id) VALUES (12);
INSERT INTO BW.Rotas (id) VALUES (13);
INSERT INTO BW.Rotas (id) VALUES (14);
INSERT INTO BW.Rotas (id) VALUES (15);

-- FEz Rotas
INSERT INTO BW.FezRota (id, carro_usado,data_realizacao) VALUES (1, 'T6-1I-Y2', '2021-06-09');
INSERT INTO BW.FezRota (id, carro_usado,data_realizacao) VALUES (2, 'E8-9R-K9', '2020-12-15');
INSERT INTO BW.FezRota (id, carro_usado,data_realizacao) VALUES (3, 'H6-7X-Z1', '2021-05-08');
INSERT INTO BW.FezRota (id, carro_usado,data_realizacao) VALUES (4, 'H7-9U-S8', '2020-09-14');
INSERT INTO BW.FezRota (id, carro_usado,data_realizacao) VALUES (5, 'E8-9R-K9', '2020-10-28');
INSERT INTO BW.FezRota (id, carro_usado,data_realizacao) VALUES (6, 'T3-7U-X5', '2020-12-05');
INSERT INTO BW.FezRota (id, carro_usado,data_realizacao) VALUES (7, 'A0-9G-J0', '2021-05-13');
INSERT INTO BW.FezRota (id, carro_usado,data_realizacao) VALUES (8, 'E8-9R-K9', '2020-08-19');
INSERT INTO BW.FezRota (id, carro_usado,data_realizacao) VALUES (9, 'Q3-2D-F7', '2020-07-06');
INSERT INTO BW.FezRota (id, carro_usado,data_realizacao) VALUES (10, 'P0-1A-Y7', '2019-12-10');
INSERT INTO BW.FezRota (id, carro_usado,data_realizacao) VALUES (11, 'G8-5R-V5', '2019-10-14');
INSERT INTO BW.FezRota (id, carro_usado,data_realizacao) VALUES (12, 'H6-7X-Z1', '2019-08-02');
INSERT INTO BW.FezRota (id, carro_usado,data_realizacao) VALUES (13, 'P0-1A-Y7', '2019-11-29');
INSERT INTO BW.FezRota (id, carro_usado,data_realizacao) VALUES (14, 'E8-9R-K9', '2019-05-12');
INSERT INTO BW.FezRota (id, carro_usado,data_realizacao) VALUES (15, 'G8-5R-V5', '2019-03-26');
INSERT INTO BW.FezRota (id, carro_usado,data_realizacao) VALUES (14, 'P0-1A-Y7', '2019-04-26');
INSERT INTO BW.FezRota (id, carro_usado,data_realizacao) VALUES (4, 'G8-5R-V5', '2019-06-26');
INSERT INTO BW.FezRota (id, carro_usado,data_realizacao) VALUES (13, 'C9-3H-F3', '2018-09-29');
INSERT INTO BW.FezRota (id, carro_usado,data_realizacao) VALUES (13, 'D9-7H-Z9', '2018-07-29');
INSERT INTO BW.FezRota (id, carro_usado,data_realizacao) VALUES (8, 'W7-4O-P4', '2021-01-29');
INSERT INTO BW.FezRota (id, carro_usado,data_realizacao) VALUES (14, 'C9-3H-F3', '2019-07-29');
INSERT INTO BW.FezRota (id, carro_usado,data_realizacao) VALUES (10, 'D9-7H-Z9', '2019-08-29');
INSERT INTO BW.FezRota (id, carro_usado,data_realizacao) VALUES (13, 'T3-7U-X5', '2019-03-29');
INSERT INTO BW.FezRota (id, carro_usado,data_realizacao) VALUES (12, 'E6-9G-E2', '2019-09-29');
INSERT INTO BW.FezRota (id, carro_usado,data_realizacao) VALUES (12, 'Z1-0Z-P5', '2019-12-29');
INSERT INTO BW.FezRota (id, carro_usado,data_realizacao) VALUES (12, 'H7-9U-S8', '2019-12-29');
INSERT INTO BW.FezRota (id, carro_usado,data_realizacao) VALUES (4, 'G8-5R-V5', '2020-06-06');
INSERT INTO BW.FezRota (id, carro_usado,data_realizacao) VALUES (10, 'H6-7X-Z1', '2020-07-27');
INSERT INTO BW.FezRota (id, carro_usado,data_realizacao) VALUES (9, 'G8-5R-V5', '2020-02-01');
INSERT INTO BW.FezRota (id, carro_usado,data_realizacao) VALUES (10, 'H6-7X-Z1', '2020-02-03');

--Zonas Rotas
INSERT INTO BW.ZonasRotas (id, zona) VALUES (1, 'Braga');
INSERT INTO BW.ZonasRotas (id, zona) VALUES (2, 'V.N Gaia');
INSERT INTO BW.ZonasRotas (id, zona) VALUES (3, 'Guimarães');
INSERT INTO BW.ZonasRotas (id, zona) VALUES (4, 'Famalicão');
INSERT INTO BW.ZonasRotas (id, zona) VALUES (5, 'Arcos de Valdevez');
INSERT INTO BW.ZonasRotas (id, zona) VALUES (6, 'Braga');
INSERT INTO BW.ZonasRotas (id, zona) VALUES (7, 'Viana do Castelo');
INSERT INTO BW.ZonasRotas (id, zona) VALUES (8, 'Famalicão');
INSERT INTO BW.ZonasRotas (id, zona) VALUES (9, 'Vila Real');
INSERT INTO BW.ZonasRotas (id, zona) VALUES (10, 'Arcos de Valdevez');
INSERT INTO BW.ZonasRotas (id, zona) VALUES (11, 'Viana do Castelo');
INSERT INTO BW.ZonasRotas (id, zona) VALUES (12, 'Esposende');
INSERT INTO BW.ZonasRotas (id, zona) VALUES (13, 'Braga');
INSERT INTO BW.ZonasRotas (id, zona) VALUES (14, 'Porto');
INSERT INTO BW.ZonasRotas (id, zona) VALUES (15, 'V.N Gaia');
INSERT INTO BW.ZonasRotas (id, zona) VALUES (15, 'Famalicão');
INSERT INTO BW.ZonasRotas (id, zona) VALUES (13, 'Viana do Castelo');
INSERT INTO BW.ZonasRotas (id, zona) VALUES (5, 'Braga');
INSERT INTO BW.ZonasRotas (id, zona) VALUES (5, 'V.N Gaia');
INSERT INTO BW.ZonasRotas (id, zona) VALUES (7, 'Esposende');
INSERT INTO BW.ZonasRotas (id, zona) VALUES (13, 'Famalicão');
INSERT INTO BW.ZonasRotas (id, zona) VALUES (13, 'Porto');
INSERT INTO BW.ZonasRotas (id, zona) VALUES (15, 'Braga');
INSERT INTO BW.ZonasRotas (id, zona) VALUES (2, 'Porto');
INSERT INTO BW.ZonasRotas (id, zona) VALUES (8, 'Vila Real');
INSERT INTO BW.ZonasRotas (id, zona) VALUES (10, 'V.N Gaia');
INSERT INTO BW.ZonasRotas (id, zona) VALUES (14, 'Esposende');
INSERT INTO BW.ZonasRotas (id, zona) VALUES (12, 'Viana do Castelo');
