/* BEBIDIS Warehouse Manager 
   Tiago Barros 88963
   Miguel Ferreira 93419
   2021
*/

-- Queries geradas com dados ficticios em https://www.mockaroo.com/ 

-- ARMAZEM)
INSERT INTO BW.Armazem (localizacao,n_telefone,n_funcionarios,n_automoveis) values ('Viana do Castelo',929292877,80,50);

-- FUNCIONARIOS)
insert into BW.Funcionario (num_funcionario, nome, n_telemovel, data_nascimento, salario, armazem_trabalha) values (55-5614427, 'José Carlos', 934335122, '1969-09-11', 3500, 'Viana do Castelo');
--promotor de vendas
insert into BW.Funcionarios (num_funcionario, nome, n_telemovel, data_nascimento, salario, armazem_trabalha) values (82-0150665, 'Tybie MacAnellye', 973358516, '1959-07-23', 892, 'Viana do Castelo');
insert into BW.Funcionarios (num_funcionario, nome, n_telemovel, data_nascimento, salario, armazem_trabalha) values (99-0910133, 'Morna Losano', 994199303, '1965-06-26', 1039, 'Viana do Castelo');
insert into BW.Funcionarios (num_funcionario, nome, n_telemovel, data_nascimento, salario, armazem_trabalha) values (89-7561899, 'Cordula Crookes', 943057898, '1980-11-20', 1312, 'Viana do Castelo');
insert into BW.Funcionarios (num_funcionario, nome, n_telemovel, data_nascimento, salario, armazem_trabalha) values (68-6477431, 'Lisa Joel', 921744437, '1984-10-25', 732, 'Viana do Castelo');
insert into BW.Funcionarios (num_funcionario, nome, n_telemovel, data_nascimento, salario, armazem_trabalha) values (71-2426431, 'Rutger Spall', 908752724, '1991-09-17', 842, 'Viana do Castelo');
insert into BW.Funcionarios (num_funcionario, nome, n_telemovel, data_nascimento, salario, armazem_trabalha) values (17-7221892, 'Madelon Niven', 902048186, '1958-04-19', 1092, 'Viana do Castelo');
insert into BW.Funcionarios (num_funcionario, nome, n_telemovel, data_nascimento, salario, armazem_trabalha) values (11-6673318, 'Lian Trembley', 962221762, '1972-02-15', 1324, 'Viana do Castelo');
insert into BW.Funcionarios (num_funcionario, nome, n_telemovel, data_nascimento, salario, armazem_trabalha) values (81-8863474, 'Josi Deppen', 939107883, '1965-12-16', 1448, 'Viana do Castelo');
insert into BW.Funcionarios (num_funcionario, nome, n_telemovel, data_nascimento, salario, armazem_trabalha) values (31-6319177, 'Walton Speake', 955980827, '1979-01-19', 1341, 'Viana do Castelo');
insert into BW.Funcionarios (num_funcionario, nome, n_telemovel, data_nascimento, salario, armazem_trabalha) values (42-3829773, 'Jenelle Goaley', 949309152, '1977-08-17', 973, 'Viana do Castelo');
insert into BW.Funcionarios (num_funcionario, nome, n_telemovel, data_nascimento, salario, armazem_trabalha) values (33-7489579, 'Keenan Pighills', 947401828, '1974-04-06', 1481, 'Viana do Castelo');
insert into BW.Funcionarios (num_funcionario, nome, n_telemovel, data_nascimento, salario, armazem_trabalha) values (07-3644217, 'Whitney Stebbings', 961942236, '1956-08-15', 1389, 'Viana do Castelo');
insert into BW.Funcionarios (num_funcionario, nome, n_telemovel, data_nascimento, salario, armazem_trabalha) values (74-0749536, 'Teddie Sandham', 966355358, '1998-01-25', 1062, 'Viana do Castelo');
insert into BW.Funcionarios (num_funcionario, nome, n_telemovel, data_nascimento, salario, armazem_trabalha) values (71-7193840, 'Van Haining', 976075123, '1979-02-04', 741, 'Viana do Castelo');
insert into BW.Funcionarios (num_funcionario, nome, n_telemovel, data_nascimento, salario, armazem_trabalha) values (59-2568642, 'Anny Empleton', 952490345, '1974-09-12', 1157, 'Viana do Castelo');
insert into BW.Funcionarios (num_funcionario, nome, n_telemovel, data_nascimento, salario, armazem_trabalha) values (21-5714281, 'Roxanne Cattroll', 967435645, '1966-06-26', 669, 'Viana do Castelo');
insert into BW.Funcionarios (num_funcionario, nome, n_telemovel, data_nascimento, salario, armazem_trabalha) values (66-0453459, 'Cheslie Treves', 902519534, '1950-12-06', 769, 'Viana do Castelo');
insert into BW.Funcionarios (num_funcionario, nome, n_telemovel, data_nascimento, salario, armazem_trabalha) values (84-9626111, 'Ollie Dumbelton', 949496059, '1973-04-15', 1240, 'Viana do Castelo');
insert into BW.Funcionarios (num_funcionario, nome, n_telemovel, data_nascimento, salario, armazem_trabalha) values (23-7908421, 'Angil Howes', 927294926, '1981-11-17', 1420, 'Viana do Castelo');
insert into BW.Funcionarios (num_funcionario, nome, n_telemovel, data_nascimento, salario, armazem_trabalha) values (08-7742991, 'Berthe Ewing', 945950859, '1953-03-06', 1356, 'Viana do Castelo');
insert into BW.Funcionarios (num_funcionario, nome, n_telemovel, data_nascimento, salario, armazem_trabalha) values (84-5213044, 'Aurilia Slamaker', 943774064, '1964-01-21', 1418, 'Viana do Castelo');
insert into BW.Funcionarios (num_funcionario, nome, n_telemovel, data_nascimento, salario, armazem_trabalha) values (83-0915505, 'Sibyl Adamini', 971289707, '1979-11-02', 677, 'Viana do Castelo');
insert into BW.Funcionarios (num_funcionario, nome, n_telemovel, data_nascimento, salario, armazem_trabalha) values (23-8608729, 'Nicolina MacKall', 959745292, '1955-05-12', 1150, 'Viana do Castelo');
insert into BW.Funcionarios (num_funcionario, nome, n_telemovel, data_nascimento, salario, armazem_trabalha) values (88-3093915, 'Ari Ravillas', 957547703, '1963-07-19', 773, 'Viana do Castelo');
insert into BW.Funcionarios (num_funcionario, nome, n_telemovel, data_nascimento, salario, armazem_trabalha) values (92-4573041, 'Humberto Millery', 972596022, '1981-03-20', 989, 'Viana do Castelo');
insert into BW.Funcionarios (num_funcionario, nome, n_telemovel, data_nascimento, salario, armazem_trabalha) values (32-6042621, 'Lou Mitchard', 995237744, '1974-03-21', 1283, 'Viana do Castelo');
insert into BW.Funcionarios (num_funcionario, nome, n_telemovel, data_nascimento, salario, armazem_trabalha) values (41-1286357, 'Noami Lakeman', 93501957, '1950-06-10', 999, 'Viana do Castelo');
insert into BW.Funcionarios (num_funcionario, nome, n_telemovel, data_nascimento, salario, armazem_trabalha) values (44-3132451, 'Sapphira Kunath', 900554875, '1969-11-15', 1364, 'Viana do Castelo');
insert into BW.Funcionarios (num_funcionario, nome, n_telemovel, data_nascimento, salario, armazem_trabalha) values (94-8942245, 'Onida Elsy', 923302892, '1998-12-17', 1144, 'Viana do Castelo');
insert into BW.Funcionarios (num_funcionario, nome, n_telemovel, data_nascimento, salario, armazem_trabalha) values (61-4371301, 'Son Moen', 944988544, '1995-12-30', 1414, 'Viana do Castelo');
insert into BW.Funcionarios (num_funcionario, nome, n_telemovel, data_nascimento, salario, armazem_trabalha) values (62-5674930, 'Jamie Bytheway', 964267854, '1971-11-25', 710, 'Viana do Castelo');
insert into BW.Funcionarios (num_funcionario, nome, n_telemovel, data_nascimento, salario, armazem_trabalha) values (45-9442638, 'Kellina Dyble', 920816340, '1980-07-27', 1350, 'Viana do Castelo');
insert into BW.Funcionarios (num_funcionario, nome, n_telemovel, data_nascimento, salario, armazem_trabalha) values (23-0137979, 'Linell Pearton', 942546522, '1970-11-11', 1076, 'Viana do Castelo');
insert into BW.Funcionarios (num_funcionario, nome, n_telemovel, data_nascimento, salario, armazem_trabalha) values (67-3413735, 'Marcille Dudgeon', 928552080, '1976-06-27', 947, 'Viana do Castelo');
insert into BW.Funcionarios (num_funcionario, nome, n_telemovel, data_nascimento, salario, armazem_trabalha) values (40-6482403, 'Shirlee Mityukov', 962262843, '1952-01-11', 923, 'Viana do Castelo');
insert into BW.Funcionarios (num_funcionario, nome, n_telemovel, data_nascimento, salario, armazem_trabalha) values (02-5743176, 'Roshelle Follis', 939402415, '1966-05-30', 1195, 'Viana do Castelo');
insert into BW.Funcionarios (num_funcionario, nome, n_telemovel, data_nascimento, salario, armazem_trabalha) values (07-1479945, 'Murdock Pitkeathley', 955879185, '1964-04-13', 1348, 'Viana do Castelo');
insert into BW.Funcionarios (num_funcionario, nome, n_telemovel, data_nascimento, salario, armazem_trabalha) values (71-2864011, 'Gregorio Drinan',995008457, '1987-12-08', 1266, 'Viana do Castelo');
insert into BW.Funcionarios (num_funcionario, nome, n_telemovel, data_nascimento, salario, armazem_trabalha) values (43-5234862, 'Wylie Berzon', 982749789, '1951-07-15', 1209, 'Viana do Castelo');
insert into BW.Funcionarios (num_funcionario, nome, n_telemovel, data_nascimento, salario, armazem_trabalha) values (55-5881920, 'Osbourn De Banke', 904869386, '1985-12-18', 895, 'Viana do Castelo');
insert into BW.Funcionarios (num_funcionario, nome, n_telemovel, data_nascimento, salario, armazem_trabalha) values (16-3542148, 'Jonis Jamieson', 917309842, '1965-04-01', 1147, 'Viana do Castelo');
insert into BW.Funcionarios (num_funcionario, nome, n_telemovel, data_nascimento, salario, armazem_trabalha) values (59-8508038, 'Jeri Espinha', 981271381, '1986-08-14', 1087, 'Viana do Castelo');
insert into BW.Funcionarios (num_funcionario, nome, n_telemovel, data_nascimento, salario, armazem_trabalha) values (38-8240283, 'Nikkie Quye', 907677223, '1994-07-02', 726, 'Viana do Castelo');
insert into BW.Funcionarios (num_funcionario, nome, n_telemovel, data_nascimento, salario, armazem_trabalha) values (52-9655938, 'Filmore Salvin', 937351039, '1975-09-20', 1480, 'Viana do Castelo');
insert into BW.Funcionarios (num_funcionario, nome, n_telemovel, data_nascimento, salario, armazem_trabalha) values (40-2745438, 'York Yakubowicz', 931677812, '1983-01-16', 1212, 'Viana do Castelo');
insert into BW.Funcionarios (num_funcionario, nome, n_telemovel, data_nascimento, salario, armazem_trabalha) values (10-3935585, 'Jorrie Trusdale', 925121079, '1997-04-11', 1434, 'Viana do Castelo');
insert into BW.Funcionarios (num_funcionario, nome, n_telemovel, data_nascimento, salario, armazem_trabalha) values (38-4827849, 'Gina Glassborow', 940423567, '1977-01-13', 1410, 'Viana do Castelo');
insert into BW.Funcionarios (num_funcionario, nome, n_telemovel, data_nascimento, salario, armazem_trabalha) values (61-2914043, 'Sophi Turnor', 968737877, '1966-04-25', 1116, 'Viana do Castelo');
insert into BW.Funcionarios (num_funcionario, nome, n_telemovel, data_nascimento, salario, armazem_trabalha) values (37-3697868, 'Merralee Glasner', 981968989, '1986-08-25', 1383, 'Viana do Castelo');
-- transportador
insert into BW.Funcionarios (num_funcionario, nome, n_telemovel, data_nascimento, salario, armazem_trabalha) values (98-6345648, 'Parry Harley', 989495723, '1958-06-16', 1200, 'Viana do Castelo');
insert into BW.Funcionarios (num_funcionario, nome, n_telemovel, data_nascimento, salario, armazem_trabalha) values (17-1756864, 'Hestia Chatan', 968776752, '1964-07-13', 1401, 'Viana do Castelo');
insert into BW.Funcionarios (num_funcionario, nome, n_telemovel, data_nascimento, salario, armazem_trabalha) values (02-7306429, 'Krista Charrisson', 928040628, '1991-04-04', 1010, 'Viana do Castelo');
insert into BW.Funcionarios (num_funcionario, nome, n_telemovel, data_nascimento, salario, armazem_trabalha) values (43-1161499, 'Madlin Hardesty', 949782670, '1954-03-31', 894, 'Viana do Castelo');
insert into BW.Funcionarios (num_funcionario, nome, n_telemovel, data_nascimento, salario, armazem_trabalha) values (27-6522465, 'Franz Gates', 903156512, '1981-04-16', 1100, 'Viana do Castelo');
insert into BW.Funcionarios (num_funcionario, nome, n_telemovel, data_nascimento, salario, armazem_trabalha) values (43-6581675, 'Ignatius Troctor', 997267377, '1991-09-16', 1487, 'Viana do Castelo');
insert into BW.Funcionarios (num_funcionario, nome, n_telemovel, data_nascimento, salario, armazem_trabalha) values (57-3591381, 'Cornela Blaxley', 900390224, '1961-08-29', 1249, 'Viana do Castelo');
insert into BW.Funcionarios (num_funcionario, nome, n_telemovel, data_nascimento, salario, armazem_trabalha) values (74-7362209, 'Nani Draper', 973188419, '1985-09-29', 710, 'Viana do Castelo');
insert into BW.Funcionarios (num_funcionario, nome, n_telemovel, data_nascimento, salario, armazem_trabalha) values (73-5308112, 'Eilis Goody', 957577266, '1953-09-13', 1070, 'Viana do Castelo');
insert into BW.Funcionarios (num_funcionario, nome, n_telemovel, data_nascimento, salario, armazem_trabalha) values (12-9997684, 'Truman Hansill', 926289233, '1971-01-15', 1495, 'Viana do Castelo');
insert into BW.Funcionarios (num_funcionario, nome, n_telemovel, data_nascimento, salario, armazem_trabalha) values (87-0649106, 'Rey Houlston', 962323331, '1959-05-11', 1344, 'Viana do Castelo');
insert into BW.Funcionarios (num_funcionario, nome, n_telemovel, data_nascimento, salario, armazem_trabalha) values (48-1420645, 'Siegfried Sayers', 989331340, '1998-12-21', 1451, 'Viana do Castelo');
insert into BW.Funcionarios (num_funcionario, nome, n_telemovel, data_nascimento, salario, armazem_trabalha) values (69-3777609, 'Arlana Skillen', 997299815, '1981-06-08', 1020, 'Viana do Castelo');
insert into BW.Funcionarios (num_funcionario, nome, n_telemovel, data_nascimento, salario, armazem_trabalha) values (36-1122124, 'Sheeree Mourton', 942591546, '1969-07-13', 1420, 'Viana do Castelo');
insert into BW.Funcionarios (num_funcionario, nome, n_telemovel, data_nascimento, salario, armazem_trabalha) values (78-7909278, 'Ashton Ivanyushkin', 950380425, '1990-08-09', 1479, 'Viana do Castelo');
-- operadores
insert into BW.Funcionarios (num_funcionario, nome, n_telemovel, data_nascimento, salario, armazem_trabalha) values (64-5110989, 'Blaine Jennaway', 931138496, '1971-01-27', 764, 'Viana do Castelo');
insert into BW.Funcionarios (num_funcionario, nome, n_telemovel, data_nascimento, salario, armazem_trabalha) values (87-5829119, 'Nancee Renzullo', 946159404, '1955-08-05', 1345, 'Viana do Castelo');
insert into BW.Funcionarios (num_funcionario, nome, n_telemovel, data_nascimento, salario, armazem_trabalha) values (39-3918141, 'Raynell Sorsbie', 970539280, '1999-01-30', 785, 'Viana do Castelo');
insert into BW.Funcionarios (num_funcionario, nome, n_telemovel, data_nascimento, salario, armazem_trabalha) values (90-3641153, 'Siegfried Toke', 924393774, '1994-08-22', 1395, 'Viana do Castelo');
insert into BW.Funcionarios (num_funcionario, nome, n_telemovel, data_nascimento, salario, armazem_trabalha) values (57-7070883, 'Randolf Altofts', 965167009, '1998-04-15', 1419, 'Viana do Castelo');
insert into BW.Funcionarios (num_funcionario, nome, n_telemovel, data_nascimento, salario, armazem_trabalha) values (35-9908776, 'Berthe Crux', 914723346, '1986-03-10', 802, 'Viana do Castelo');
insert into BW.Funcionarios (num_funcionario, nome, n_telemovel, data_nascimento, salario, armazem_trabalha) values (47-7761905, 'Merci Gullis', 910987993, '1977-04-15', 1220, 'Viana do Castelo');
insert into BW.Funcionarios (num_funcionario, nome, n_telemovel, data_nascimento, salario, armazem_trabalha) values (24-2524100, 'Trixie Tinston', 937596684, '1952-12-31', 1254, 'Viana do Castelo');
insert into BW.Funcionarios (num_funcionario, nome, n_telemovel, data_nascimento, salario, armazem_trabalha) values (70-3082769, 'Hamlin Egarr', 966141185, '1980-04-02', 650, 'Viana do Castelo');
insert into BW.Funcionarios (num_funcionario, nome, n_telemovel, data_nascimento, salario, armazem_trabalha) values (30-6203981, 'Early Bowering', 946630621, '1968-02-18', 1020, 'Viana do Castelo');
insert into BW.Funcionarios (num_funcionario, nome, n_telemovel, data_nascimento, salario, armazem_trabalha) values (12-6656771, 'Marylynne Romaynes', 969246395, '1985-12-16', 765, 'Viana do Castelo');
insert into BW.Funcionarios (num_funcionario, nome, n_telemovel, data_nascimento, salario, armazem_trabalha) values (37-3404434, 'Emili Sigsworth', 965987621, '1962-09-21', 1225, 'Viana do Castelo');
insert into BW.Funcionarios (num_funcionario, nome, n_telemovel, data_nascimento, salario, armazem_trabalha) values (02-4772330, 'Meriel Closs', 905789913, '1966-06-18', 1405, 'Viana do Castelo');
insert into BW.Funcionarios (num_funcionario, nome, n_telemovel, data_nascimento, salario, armazem_trabalha) values (19-4657791, 'Olga Veel', 985485857, '1983-07-15', 1147, 'Viana do Castelo');
insert into BW.Funcionarios (num_funcionario, nome, n_telemovel, data_nascimento, salario, armazem_trabalha) values (16-1759405, 'Mattie Radnage', 37348290, '1956-01-06', 1057, 'Viana do Castelo');

-- Gerente
insert into BW.Gerente (num_funcionario, gere_armazem) values ('José Carlos', 'Viana do Castelo');

-- Operador
insert into BW.Operador (num_funcionario, num_responsavel) values (64-5110989, null);
insert into BW.Operador (num_funcionario, num_responsavel) values (87-5829119,64-5110989);
insert into BW.Operador (num_funcionario, num_responsavel) values (39-3918141,64-5110989);
insert into BW.Operador (num_funcionario, num_responsavel) values (90-3641153,64-5110989);
insert into BW.Operador (num_funcionario, num_responsavel) values (57-7070883,64-5110989);
insert into BW.Operador (num_funcionario, num_responsavel) values (35-9908776,64-5110989);
insert into BW.Operador (num_funcionario, num_responsavel) values (47-7761905,64-5110989);
insert into BW.Operador (num_funcionario, num_responsavel) values (24-2524100,64-5110989);
insert into BW.Operador (num_funcionario, num_responsavel) values (70-3082769,19-4657791);
insert into BW.Operador (num_funcionario, num_responsavel) values (30-6203981,19-4657791);
insert into BW.Operador (num_funcionario, num_responsavel) values (12-6656771,19-4657791);
insert into BW.Operador (num_funcionario, num_responsavel) values (37-3404434,19-4657791);
insert into BW.Operador (num_funcionario, num_responsavel) values (02-4772330,19-4657791);
insert into BW.Operador (num_funcionario, num_responsavel) values (19-4657791,null);
insert into BW.Operador (num_funcionario, num_responsavel) values (16-1759405,19-4657791);


-- Transportador
insert into BW.Transportador (num_funcionario) values (98-6345648);
insert into BW.Transportador (num_funcionario) values (17-1756864);
insert into BW.Transportador (num_funcionario) values (02-7306429);
insert into BW.Transportador (num_funcionario) values (43-1161499);
insert into BW.Transportador (num_funcionario) values (27-6522465);
insert into BW.Transportador (num_funcionario) values (43-6581675);
insert into BW.Transportador (num_funcionario) values (57-3591381);
insert into BW.Transportador (num_funcionario) values (74-7362209);
insert into BW.Transportador (num_funcionario) values (73-5308112);
insert into BW.Transportador (num_funcionario) values (12-9997684);
insert into BW.Transportador (num_funcionario) values (87-0649106);
insert into BW.Transportador (num_funcionario) values (48-1420645);
insert into BW.Transportador (num_funcionario) values (69-3777609);
insert into BW.Transportador (num_funcionario) values (36-1122124);
insert into BW.Transportador (num_funcionario) values (78-7909278);


-- Promotor de Vendas
insert into BW.Funcionarios (num_funcionario, zona_designada) values (82-0150665,'Viana do Castelo');
insert into BW.Funcionarios (num_funcionario, zona_designada) values (99-0910133,'Viana do Castelo');
insert into BW.Funcionarios (num_funcionario, zona_designada) values (89-7561899,'Viana do Castelo');
insert into BW.Funcionarios (num_funcionario, zona_designada) values (68-6477431,'Viana do Castelo');
insert into BW.Funcionarios (num_funcionario, zona_designada) values (71-2426431,'Viana do Castelo');
insert into BW.Funcionarios (num_funcionario, zona_designada) values (17-7221892,'Viana do Castelo');
insert into BW.Funcionarios (num_funcionario, zona_designada) values (11-6673318,'Viana do Castelo');
insert into BW.Funcionarios (num_funcionario, zona_designada) values (81-8863474,'Viana do Castelo');
insert into BW.Funcionarios (num_funcionario, zona_designada) values (31-6319177,'Viana do Castelo');
insert into BW.Funcionarios (num_funcionario, zona_designada) values (42-3829773,'Viana do Castelo');
insert into BW.Funcionarios (num_funcionario, zona_designada) values (33-7489579,'Viana do Castelo');
insert into BW.Funcionarios (num_funcionario, zona_designada) values (07-3644217,'Viana do Castelo');
insert into BW.Funcionarios (num_funcionario, zona_designada) values (74-0749536,'Viana do Castelo');
insert into BW.Funcionarios (num_funcionario, zona_designada) values (71-7193840,'Viana do Castelo');
insert into BW.Funcionarios (num_funcionario, zona_designada) values (59-2568642,'Viana do Castelo');
insert into BW.Funcionarios (num_funcionario, zona_designada) values (21-5714281,'Viana do Castelo');
insert into BW.Funcionarios (num_funcionario, zona_designada) values (66-0453459,'Viana do Castelo');
insert into BW.Funcionarios (num_funcionario, zona_designada) values (84-9626111,'Viana do Castelo');
insert into BW.Funcionarios (num_funcionario, zona_designada) values (23-7908421,'Braga');
insert into BW.Funcionarios (num_funcionario, zona_designada) values (08-7742991,'Braga');
insert into BW.Funcionarios (num_funcionario, zona_designada) values (84-5213044,'Braga');
insert into BW.Funcionarios (num_funcionario, zona_designada) values (83-0915505,'Braga');
insert into BW.Funcionarios (num_funcionario, zona_designada) values (23-8608729,'Braga');
insert into BW.Funcionarios (num_funcionario, zona_designada) values (88-3093915,'Braga');
insert into BW.Funcionarios (num_funcionario, zona_designada) values (92-4573041,'Braga');
insert into BW.Funcionarios (num_funcionario, zona_designada) values (32-6042621,'Braga');
insert into BW.Funcionarios (num_funcionario, zona_designada) values (41-1286357,'Braga');
insert into BW.Funcionarios (num_funcionario, zona_designada) values (44-3132451,'Braga');
insert into BW.Funcionarios (num_funcionario, zona_designada) values (94-8942245,'Braga');
insert into BW.Funcionarios (num_funcionario, zona_designada) values (61-4371301,'Braga');
insert into BW.Funcionarios (num_funcionario, zona_designada) values (62-5674930,'Vila Real');
insert into BW.Funcionarios (num_funcionario, zona_designada) values (45-9442638,'Vila Real');
insert into BW.Funcionarios (num_funcionario, zona_designada) values (23-0137979,'Vila Real');
insert into BW.Funcionarios (num_funcionario, zona_designada) values (67-3413735,'Vila Real');
insert into BW.Funcionarios (num_funcionario, zona_designada) values (40-6482403,'Vila Real');
insert into BW.Funcionarios (num_funcionario, zona_designada) values (02-5743176,'Vila Real');
insert into BW.Funcionarios (num_funcionario, zona_designada) values (07-1479945,'Vila Real');
insert into BW.Funcionarios (num_funcionario, zona_designada) values (71-2864011,'Vila Real');
insert into BW.Funcionarios (num_funcionario, zona_designada) values (43-5234862,'Vila Real');
insert into BW.Funcionarios (num_funcionario, zona_designada) values (55-5881920,'Porto');
insert into BW.Funcionarios (num_funcionario, zona_designada) values (16-3542148,'Porto');
insert into BW.Funcionarios (num_funcionario, zona_designada) values (59-8508038,'Porto');
insert into BW.Funcionarios (num_funcionario, zona_designada) values (38-8240283,'Porto');
insert into BW.Funcionarios (num_funcionario, zona_designada) values (52-9655938,'Porto');
insert into BW.Funcionarios (num_funcionario, zona_designada) values (40-2745438,'Porto');
insert into BW.Funcionarios (num_funcionario, zona_designada) values (10-3935585,'Porto');
insert into BW.Funcionarios (num_funcionario, zona_designada) values (38-4827849,'Porto');
insert into BW.Funcionarios (num_funcionario, zona_designada) values (61-2914043,'Porto');
insert into BW.Funcionarios (num_funcionario, zona_designada) values (37-3697868,'Porto');

-- Encomenda
insert into BW.Encomenda (numero, data, transportador, veiculo_transp) values (1, '2021-01-21', 02-7306429, 'C9-3H-F3');
insert into BW.Encomenda (numero, data, transportador, veiculo_transp) values (2, '2021-03-15', 69-3777609, 'E6-9G-E2');
insert into BW.Encomenda (numero, data, transportador, veiculo_transp) values (3, '2020-11-02', 43-1161499, 'A0-9G-J0');
insert into BW.Encomenda (numero, data, transportador, veiculo_transp) values (4, '2020-10-16', 69-3777609, 'G8-5R-V5');
insert into BW.Encomenda (numero, data, transportador, veiculo_transp) values (5, '2021-03-15', 74-7362209, 'A0-9G-J0');
insert into BW.Encomenda (numero, data, transportador, veiculo_transp) values (6, '2021-03-30', 98-6345648, 'E6-9G-E2');
insert into BW.Encomenda (numero, data, transportador, veiculo_transp) values (7, '2021-04-09', 17-1756864, 'A0-9G-J0');
insert into BW.Encomenda (numero, data, transportador, veiculo_transp) values (8, '2021-04-02', 17-1756864, 'G8-5R-V5');
insert into BW.Encomenda (numero, data, transportador, veiculo_transp) values (9, '2020-07-31', 43-1161499, 'C9-3H-F3');
insert into BW.Encomenda (numero, data, transportador, veiculo_transp) values (10, '2021-04-07', 98-6345648, 'A0-9G-J0');
insert into BW.Encomenda (numero, data, transportador, veiculo_transp) values (11, '2020-10-17', 74-7362209, 'E6-9G-E2');
insert into BW.Encomenda (numero, data, transportador, veiculo_transp) values (12, '2020-12-09', 43-6581675, 'G8-5R-V5');
insert into BW.Encomenda (numero, data, transportador, veiculo_transp) values (13, '2021-01-22', 27-6522465, 'E6-9G-E2');
insert into BW.Encomenda (numero, data, transportador, veiculo_transp) values (14, '2020-07-04', 17-1756864, 'A0-9G-J0');
insert into BW.Encomenda (numero, data, transportador, veiculo_transp) values (15, '2020-07-27', 17-1756864, 'C9-3H-F3');
insert into BW.Encomenda (numero, data, transportador, veiculo_transp) values (16, '2020-09-14', 69-3777609, 'H6-7X-Z1');
insert into BW.Encomenda (numero, data, transportador, veiculo_transp) values (17, '2021-02-28', 17-1756864, 'E6-9G-E2');
insert into BW.Encomenda (numero, data, transportador, veiculo_transp) values (18, '2021-05-13', 74-7362209, 'E6-9G-E2');
insert into BW.Encomenda (numero, data, transportador, veiculo_transp) values (19, '2021-02-17', 27-6522465, 'A0-9G-J0');
insert into BW.Encomenda (numero, data, transportador, veiculo_transp) values (20, '2020-10-17', 73-5308112, 'G8-5R-V5');
insert into BW.Encomenda (numero, data, transportador, veiculo_transp) values (21, '2020-11-09', 43-6581675, 'A0-9G-J0');
insert into BW.Encomenda (numero, data, transportador, veiculo_transp) values (22, '2021-04-08', 74-7362209, 'H6-7X-Z1');
insert into BW.Encomenda (numero, data, transportador, veiculo_transp) values (23, '2020-08-16', 73-5308112, 'G8-5R-V5');
insert into BW.Encomenda (numero, data, transportador, veiculo_transp) values (24, '2021-01-04', 27-6522465, 'A0-9G-J0');
insert into BW.Encomenda (numero, data, transportador, veiculo_transp) values (25, '2021-03-11', 02-7306429, 'A0-9G-J0');
insert into BW.Encomenda (numero, data, transportador, veiculo_transp) values (26, '2020-06-23', 27-6522465, 'C9-3H-F3');
insert into BW.Encomenda (numero, data, transportador, veiculo_transp) values (27, '2021-01-17', 43-1161499, 'A0-9G-J0');
insert into BW.Encomenda (numero, data, transportador, veiculo_transp) values (28, '2021-02-22', 27-6522465, 'H6-7X-Z1');
insert into BW.Encomenda (numero, data, transportador, veiculo_transp) values (29, '2020-06-14', 74-7362209, 'E6-9G-E2');
insert into BW.Encomenda (numero, data, transportador, veiculo_transp) values (30, '2020-12-21', 02-7306429, 'H6-7X-Z1');
insert into BW.Encomenda (numero, data, transportador, veiculo_transp) values (31, '2020-07-03', 02-7306429, 'A0-9G-J0');
insert into BW.Encomenda (numero, data, transportador, veiculo_transp) values (32, '2021-03-29', 57-3591381, 'C9-3H-F3');
insert into BW.Encomenda (numero, data, transportador, veiculo_transp) values (33, '2021-03-08', 17-1756864, 'H6-7X-Z1');
insert into BW.Encomenda (numero, data, transportador, veiculo_transp) values (34, '2021-02-26', 02-7306429, 'H6-7X-Z1');
insert into BW.Encomenda (numero, data, transportador, veiculo_transp) values (35, '2021-03-22', 69-3777609, 'G8-5R-V5');
insert into BW.Encomenda (numero, data, transportador, veiculo_transp) values (36, '2020-10-12', 17-1756864, 'A0-9G-J0');
insert into BW.Encomenda (numero, data, transportador, veiculo_transp) values (37, '2021-02-20', 74-7362209, 'H6-7X-Z1');
insert into BW.Encomenda (numero, data, transportador, veiculo_transp) values (38, '2020-09-10', 17-1756864, 'H6-7X-Z1');
insert into BW.Encomenda (numero, data, transportador, veiculo_transp) values (39, '2020-12-24', 57-3591381, 'E6-9G-E2');
insert into BW.Encomenda (numero, data, transportador, veiculo_transp) values (40, '2020-11-01', 43-6581675, 'C9-3H-F3');
insert into BW.Encomenda (numero, data, transportador, veiculo_transp) values (41, '2021-03-01', 69-3777609, 'C9-3H-F3');
insert into BW.Encomenda (numero, data, transportador, veiculo_transp) values (42, '2020-07-12', 17-1756864, 'E6-9G-E2');
insert into BW.Encomenda (numero, data, transportador, veiculo_transp) values (43, '2021-05-31', 17-1756864, 'A0-9G-J0');
insert into BW.Encomenda (numero, data, transportador, veiculo_transp) values (44, '2020-08-29', 43-1161499, 'G8-5R-V5');
insert into BW.Encomenda (numero, data, transportador, veiculo_transp) values (45, '2021-04-05', 43-6581675, 'E6-9G-E2');
insert into BW.Encomenda (numero, data, transportador, veiculo_transp) values (46, '2020-08-12', 73-5308112, 'C9-3H-F3');
insert into BW.Encomenda (numero, data, transportador, veiculo_transp) values (47, '2020-09-05', 17-1756864, 'G8-5R-V5');
insert into BW.Encomenda (numero, data, transportador, veiculo_transp) values (48, '2021-01-18', 43-6581675, 'C9-3H-F3');
insert into BW.Encomenda (numero, data, transportador, veiculo_transp) values (49, '2020-08-15', 27-6522465, 'A0-9G-J0');
insert into BW.Encomenda (numero, data, transportador, veiculo_transp) values (50, '2021-04-14', 98-6345648, 'C9-3H-F3');
insert into BW.Encomenda (numero, data, transportador, veiculo_transp) values (51, '2020-11-01', 73-5308112, 'E6-9G-E2');
insert into BW.Encomenda (numero, data, transportador, veiculo_transp) values (52, '2020-11-19', 98-6345648, 'G8-5R-V5');
insert into BW.Encomenda (numero, data, transportador, veiculo_transp) values (53, '2020-12-30', 57-3591381, 'E6-9G-E2');
insert into BW.Encomenda (numero, data, transportador, veiculo_transp) values (54, '2021-02-16', 98-6345648, 'C9-3H-F3');
insert into BW.Encomenda (numero, data, transportador, veiculo_transp) values (55, '2020-08-17', 43-6581675, 'C9-3H-F3');
insert into BW.Encomenda (numero, data, transportador, veiculo_transp) values (56, '2020-09-24', 73-5308112, 'H6-7X-Z1');
insert into BW.Encomenda (numero, data, transportador, veiculo_transp) values (57, '2020-08-01', 43-6581675, 'C9-3H-F3');
insert into BW.Encomenda (numero, data, transportador, veiculo_transp) values (58, '2021-05-09', 98-6345648, 'C9-3H-F3');
insert into BW.Encomenda (numero, data, transportador, veiculo_transp) values (59, '2020-08-29', 43-1161499, 'C9-3H-F3');
insert into BW.Encomenda (numero, data, transportador, veiculo_transp) values (60, '2021-05-26', 27-6522465, 'A0-9G-J0');
insert into BW.Encomenda (numero, data, transportador, veiculo_transp) values (61, '2021-01-07', 43-6581675, 'E6-9G-E2');
insert into BW.Encomenda (numero, data, transportador, veiculo_transp) values (62, '2020-08-07', 74-7362209, 'G8-5R-V5');
insert into BW.Encomenda (numero, data, transportador, veiculo_transp) values (63, '2020-08-12', 43-1161499, 'A0-9G-J0');
insert into BW.Encomenda (numero, data, transportador, veiculo_transp) values (64, '2021-05-09', 98-6345648, 'A0-9G-J0');
insert into BW.Encomenda (numero, data, transportador, veiculo_transp) values (65, '2020-11-27', 74-7362209, 'C9-3H-F3');
insert into BW.Encomenda (numero, data, transportador, veiculo_transp) values (66, '2020-10-30', 17-1756864, 'A0-9G-J0');
insert into BW.Encomenda (numero, data, transportador, veiculo_transp) values (67, '2020-08-05', 73-5308112, 'C9-3H-F3');
insert into BW.Encomenda (numero, data, transportador, veiculo_transp) values (68, '2021-01-16', 69-3777609, 'A0-9G-J0');
insert into BW.Encomenda (numero, data, transportador, veiculo_transp) values (69, '2020-07-02', 73-5308112, 'G8-5R-V5');
insert into BW.Encomenda (numero, data, transportador, veiculo_transp) values (70, '2021-03-02', 98-6345648, 'G8-5R-V5');
insert into BW.Encomenda (numero, data, transportador, veiculo_transp) values (71, '2020-11-09', 98-6345648, 'C9-3H-F3');
insert into BW.Encomenda (numero, data, transportador, veiculo_transp) values (72, '2020-07-09', 57-3591381, 'C9-3H-F3');
insert into BW.Encomenda (numero, data, transportador, veiculo_transp) values (73, '2020-08-13', 17-1756864, 'H6-7X-Z1');
insert into BW.Encomenda (numero, data, transportador, veiculo_transp) values (74, '2020-10-11', 57-3591381, 'H6-7X-Z1');
insert into BW.Encomenda (numero, data, transportador, veiculo_transp) values (75, '2021-05-23', 73-5308112, 'H6-7X-Z1');
insert into BW.Encomenda (numero, data, transportador, veiculo_transp) values (76, '2020-08-31', 43-1161499, 'A0-9G-J0');
insert into BW.Encomenda (numero, data, transportador, veiculo_transp) values (77, '2020-10-07', 43-1161499, 'G8-5R-V5');
insert into BW.Encomenda (numero, data, transportador, veiculo_transp) values (78, '2021-03-08', 43-1161499, 'A0-9G-J0');
insert into BW.Encomenda (numero, data, transportador, veiculo_transp) values (79, '2021-03-19', 27-6522465, 'E6-9G-E2');
insert into BW.Encomenda (numero, data, transportador, veiculo_transp) values (80, '2021-06-01', 02-7306429, 'H6-7X-Z1');

--Produto
insert into BW.Produto (codigo, preco, nome, peso) values (4050455, 0.67, 'Agua Mineral Fastio - 1L',1.1);
insert into BW.Produto (codigo, preco, nome, peso) values (0284073, 0.45, 'Agua Mineral Fastio - 0.5L',0.6);
insert into BW.Produto (codigo, preco, nome, peso) values (6635329, 0.26, 'Agua Mineral Fastio - 0.33L'0.4);
insert into BW.Produto (codigo, preco, nome, peso) values (4742993, 0.79, 'Agua Mineral Fastio - 1.5L'1.6);
insert into BW.Produto (codigo, preco, nome, peso) values (0092338, 0.30, 'Frutol Laranja 0.33L',0.4);
insert into BW.Produto (codigo, preco, nome, peso) values (6309780, 0.65, 'Frutol Laranja 1L',1.1);
insert into BW.Produto (codigo, preco, nome, peso) values (0435264, 0.30, 'Frutol Ananás Menta 0.33L',0.4);
insert into BW.Produto (codigo, preco, nome, peso) values (6814563, 0.65, 'Frutol Ananás Menta 1L',1.1);
insert into BW.Produto (codigo, preco, nome, peso) values (1523993, 0.30, 'Frutol Laranja Maracujá 0.33L',0.4);
insert into BW.Produto (codigo, preco, nome, peso) values (1918195, 0.65, 'Frutol Laranja Maracujá 1L',1.1);
insert into BW.Produto (codigo, preco, nome, peso) values (2953809, 0.30, 'Frutol Frutos Vermelhos 0.33L',0.4);
insert into BW.Produto (codigo, preco, nome, peso) values (4461693, 0.65, 'Frutol Laranja Maracujá 1L',1.1);
insert into BW.Produto (codigo, preco, nome, peso) values (2566352, 0.44, 'Frize Limão 0.33L',0.4);
insert into BW.Produto (codigo, preco, nome, peso) values (1104978, 0.44, 'Frize Frutos Vermelhos 0.33L',0.4);
insert into BW.Produto (codigo, preco, nome, peso) values (1162622, 0.44, 'Frize Laranja 0.33L',0.4);
insert into BW.Produto (codigo, preco, nome, peso) values (2021983, 10.99, 'Palete 50x  Agua Fastio 0.33L',20.0);
insert into BW.Produto (codigo, preco, nome, peso) values (6766504, 25.00, 'Palete 50x  Agua Fastio 1L',55.0);
insert into BW.Produto (codigo, preco, nome, peso) values (4321553, 19.00, 'Palete 50x  Agua Fastio 0.5L',30.0);
insert into BW.Produto (codigo, preco, nome, peso) values (1532163, 35.00, 'Palete 50x  Agua Fastio 1.5L',80.0);
insert into BW.Produto (codigo, preco, nome, peso) values (9256809, 23.99, 'Palete 100x  Agua Fastio 0.33L',40.0);
insert into BW.Produto (codigo, preco, nome, peso) values (4678637, 59.00, 'Palete 100x  Agua Fastio 1L',110.0);
insert into BW.Produto (codigo, preco, nome, peso) values (8687673, 43.00, 'Palete 100x  Agua Fastio 0.5L',60.0);
insert into BW.Produto (codigo, preco, nome, peso) values (3419594, 75.00, 'Palete 100x  Agua Fastio 1.5L',160.0);
insert into BW.Produto (codigo, preco, nome, peso) values (0556618, 12.99, 'Palete 50x  Frutol 0.33L',20.0);
insert into BW.Produto (codigo, preco, nome, peso) values (9448384, 29.99, 'Palete 50x  Frutol 1L',55.0);
insert into BW.Produto (codigo, preco, nome, peso) values (8357204, 27.99.37, 'Palete 100x  Frutol 0.33L',40.0);
insert into BW.Produto (codigo, preco, nome, peso) values (4920978, 59.99, 'Palete 100x  Frutol 1L',110.0);
insert into BW.Produto (codigo, preco, nome, peso) values (2090001, 19.99, 'Palete 50x  Frize 0.33L',20.0);
insert into BW.Produto (codigo, preco, nome, peso) values (7364366, 39.99, 'Palete 100x  Frize 0.33L',40.0);

-- Contem
insert into BW.Contem (num_encomenda, codigo_prod) values (1, 6309780);
insert into BW.Contem (num_encomenda, codigo_prod) values (2, 2953809);
insert into BW.Contem (num_encomenda, codigo_prod) values (3, 0556618);
insert into BW.Contem (num_encomenda, codigo_prod) values (4, 2566352);
insert into BW.Contem (num_encomenda, codigo_prod) values (5, 0435264);
insert into BW.Contem (num_encomenda, codigo_prod) values (6, 9448384);
insert into BW.Contem (num_encomenda, codigo_prod) values (7, 0284073);
insert into BW.Contem (num_encomenda, codigo_prod) values (8, 6635329);
insert into BW.Contem (num_encomenda, codigo_prod) values (9, 6814563);
insert into BW.Contem (num_encomenda, codigo_prod) values (10, 4321553);
insert into BW.Contem (num_encomenda, codigo_prod) values (11, 4920978);
insert into BW.Contem (num_encomenda, codigo_prod) values (12, 4461693);
insert into BW.Contem (num_encomenda, codigo_prod) values (13, 0092338);
insert into BW.Contem (num_encomenda, codigo_prod) values (14, 8357204);
insert into BW.Contem (num_encomenda, codigo_prod) values (15, 8687673);
insert into BW.Contem (num_encomenda, codigo_prod) values (16, 0092338);
insert into BW.Contem (num_encomenda, codigo_prod) values (17, 2090001);
insert into BW.Contem (num_encomenda, codigo_prod) values (18, 8357204);
insert into BW.Contem (num_encomenda, codigo_prod) values (19, 2090001);
insert into BW.Contem (num_encomenda, codigo_prod) values (20, 1104978);
insert into BW.Contem (num_encomenda, codigo_prod) values (21, 9448384);
insert into BW.Contem (num_encomenda, codigo_prod) values (22, 9256809);
insert into BW.Contem (num_encomenda, codigo_prod) values (23, 2953809);
insert into BW.Contem (num_encomenda, codigo_prod) values (24, 2090001);
insert into BW.Contem (num_encomenda, codigo_prod) values (25, 2953809);
insert into BW.Contem (num_encomenda, codigo_prod) values (26, 6309780);
insert into BW.Contem (num_encomenda, codigo_prod) values (27, 1918195);
insert into BW.Contem (num_encomenda, codigo_prod) values (28, 7364366);
insert into BW.Contem (num_encomenda, codigo_prod) values (29, 2953809);
insert into BW.Contem (num_encomenda, codigo_prod) values (30, 2566352);
insert into BW.Contem (num_encomenda, codigo_prod) values (31, 9256809);
insert into BW.Contem (num_encomenda, codigo_prod) values (32, 6814563);
insert into BW.Contem (num_encomenda, codigo_prod) values (33, 4321553);
insert into BW.Contem (num_encomenda, codigo_prod) values (34, 4461693);
insert into BW.Contem (num_encomenda, codigo_prod) values (35, 2566352);
insert into BW.Contem (num_encomenda, codigo_prod) values (36, 4050455);
insert into BW.Contem (num_encomenda, codigo_prod) values (37, 1918195);
insert into BW.Contem (num_encomenda, codigo_prod) values (38, 2953809);
insert into BW.Contem (num_encomenda, codigo_prod) values (39, 2090001);
insert into BW.Contem (num_encomenda, codigo_prod) values (40, 2566352);
insert into BW.Contem (num_encomenda, codigo_prod) values (41, 4920978);
insert into BW.Contem (num_encomenda, codigo_prod) values (42, 1918195);
insert into BW.Contem (num_encomenda, codigo_prod) values (43, 1162622);
insert into BW.Contem (num_encomenda, codigo_prod) values (44, 0284073);
insert into BW.Contem (num_encomenda, codigo_prod) values (45, 4321553);
insert into BW.Contem (num_encomenda, codigo_prod) values (46, 7364366);
insert into BW.Contem (num_encomenda, codigo_prod) values (47, 4050455);
insert into BW.Contem (num_encomenda, codigo_prod) values (48, 6635329);
insert into BW.Contem (num_encomenda, codigo_prod) values (49, 2090001);
insert into BW.Contem (num_encomenda, codigo_prod) values (50, 4678637);
insert into BW.Contem (num_encomenda, codigo_prod) values (51, 6309780);
insert into BW.Contem (num_encomenda, codigo_prod) values (52, 1162622);
insert into BW.Contem (num_encomenda, codigo_prod) values (53, 6309780);
insert into BW.Contem (num_encomenda, codigo_prod) values (54, 4321553);
insert into BW.Contem (num_encomenda, codigo_prod) values (55, 4321553);
insert into BW.Contem (num_encomenda, codigo_prod) values (56, 1162622);
insert into BW.Contem (num_encomenda, codigo_prod) values (57, 6635329);
insert into BW.Contem (num_encomenda, codigo_prod) values (58, 8357204);
insert into BW.Contem (num_encomenda, codigo_prod) values (59, 6814563);
insert into BW.Contem (num_encomenda, codigo_prod) values (60, 3419594);
insert into BW.Contem (num_encomenda, codigo_prod) values (61, 2953809);
insert into BW.Contem (num_encomenda, codigo_prod) values (62, 2021983);
insert into BW.Contem (num_encomenda, codigo_prod) values (63, 9256809);
insert into BW.Contem (num_encomenda, codigo_prod) values (64, 2953809);
insert into BW.Contem (num_encomenda, codigo_prod) values (65, 9256809);
insert into BW.Contem (num_encomenda, codigo_prod) values (66, 2021983);
insert into BW.Contem (num_encomenda, codigo_prod) values (67, 2566352);
insert into BW.Contem (num_encomenda, codigo_prod) values (68, 4920978);
insert into BW.Contem (num_encomenda, codigo_prod) values (69, 4321553);
insert into BW.Contem (num_encomenda, codigo_prod) values (70, 2090001);
insert into BW.Contem (num_encomenda, codigo_prod) values (71, 1523993);
insert into BW.Contem (num_encomenda, codigo_prod) values (72, 2953809);
insert into BW.Contem (num_encomenda, codigo_prod) values (73, 4678637);
insert into BW.Contem (num_encomenda, codigo_prod) values (74, 8687673);
insert into BW.Contem (num_encomenda, codigo_prod) values (75, 0556618);
insert into BW.Contem (num_encomenda, codigo_prod) values (76, 4742993);
insert into BW.Contem (num_encomenda, codigo_prod) values (77, 6635329);
insert into BW.Contem (num_encomenda, codigo_prod) values (78, 4321553);
insert into BW.Contem (num_encomenda, codigo_prod) values (79, 0092338);
insert into BW.Contem (num_encomenda, codigo_prod) values (80, 2090001);
insert into BW.Contem (num_encomenda, codigo_prod) values (3, 2021983);
insert into BW.Contem (num_encomenda, codigo_prod) values (62, 1162622);
insert into BW.Contem (num_encomenda, codigo_prod) values (61, 4050455);
insert into BW.Contem (num_encomenda, codigo_prod) values (42, 2021983);
insert into BW.Contem (num_encomenda, codigo_prod) values (26, 1104978);
insert into BW.Contem (num_encomenda, codigo_prod) values (76, 2021983);
insert into BW.Contem (num_encomenda, codigo_prod) values (32, 6309780);
insert into BW.Contem (num_encomenda, codigo_prod) values (22, 0092338);
insert into BW.Contem (num_encomenda, codigo_prod) values (14, 8687673);
insert into BW.Contem (num_encomenda, codigo_prod) values (53, 8687673);
insert into BW.Contem (num_encomenda, codigo_prod) values (23, 1523993);
insert into BW.Contem (num_encomenda, codigo_prod) values (9, 4678637);
insert into BW.Contem (num_encomenda, codigo_prod) values (25, 4742993);
insert into BW.Contem (num_encomenda, codigo_prod) values (64, 0556618);
insert into BW.Contem (num_encomenda, codigo_prod) values (51, 0435264);
insert into BW.Contem (num_encomenda, codigo_prod) values (76, 6766504);
insert into BW.Contem (num_encomenda, codigo_prod) values (54, 8687673);
insert into BW.Contem (num_encomenda, codigo_prod) values (17, 7364366);
insert into BW.Contem (num_encomenda, codigo_prod) values (27, 0284073);
insert into BW.Contem (num_encomenda, codigo_prod) values (15, 1523993);
insert into BW.Contem (num_encomenda, codigo_prod) values (47, 4050455);
insert into BW.Contem (num_encomenda, codigo_prod) values (12, 0435264);
insert into BW.Contem (num_encomenda, codigo_prod) values (18, 2021983);
insert into BW.Contem (num_encomenda, codigo_prod) values (6, 1162622);
insert into BW.Contem (num_encomenda, codigo_prod) values (26, 6814563);
insert into BW.Contem (num_encomenda, codigo_prod) values (23, 2566352);
insert into BW.Contem (num_encomenda, codigo_prod) values (69, 9448384);
insert into BW.Contem (num_encomenda, codigo_prod) values (80, 4461693);
insert into BW.Contem (num_encomenda, codigo_prod) values (7, 2566352);
insert into BW.Contem (num_encomenda, codigo_prod) values (58, 9256809);
insert into BW.Contem (num_encomenda, codigo_prod) values (69, 8357204);
insert into BW.Contem (num_encomenda, codigo_prod) values (1, 4461693);
insert into BW.Contem (num_encomenda, codigo_prod) values (44, 2953809);
insert into BW.Contem (num_encomenda, codigo_prod) values (11, 2021983);
insert into BW.Contem (num_encomenda, codigo_prod) values (7, 2566352);
insert into BW.Contem (num_encomenda, codigo_prod) values (71, 4321553);
insert into BW.Contem (num_encomenda, codigo_prod) values (28, 6309780);
insert into BW.Contem (num_encomenda, codigo_prod) values (55, 2021983);
insert into BW.Contem (num_encomenda, codigo_prod) values (34, 2953809);
insert into BW.Contem (num_encomenda, codigo_prod) values (63, 1532163);

-- Inventario   FALTA ACABAR ; ADICIONAR RESPONSAVEIS CORRETOS

insert into BW.Inventario (codigo, n_unidades, data_adicao, operador_resp) values (1918195, 241, '2020-09-21', 64-5110989);
insert into BW.Inventario (codigo, n_unidades, data_adicao, operador_resp) values (2953809, 788, '2021-01-01', 87-5829119);
insert into BW.Inventario (codigo, n_unidades, data_adicao, operador_resp) values (4742993, 941, '2020-12-28', 87-5829119);
insert into BW.Inventario (codigo, n_unidades, data_adicao, operador_resp) values (2953809, 720, '2020-06-10', 87-5829119);
insert into BW.Inventario (codigo, n_unidades, data_adicao, operador_resp) values (6309780, 342, '2021-05-15', 64-5110989);
insert into BW.Inventario (codigo, n_unidades, data_adicao, operador_resp) values (1918195, 941, '2021-02-28', 39-3918141);
insert into BW.Inventario (codigo, n_unidades, data_adicao, operador_resp) values (4461693, 570, '2020-07-13', 39-3918141);
insert into BW.Inventario (codigo, n_unidades, data_adicao, operador_resp) values (4461693, 911, '2021-03-04', 70-3082769);
insert into BW.Inventario (codigo, n_unidades, data_adicao, operador_resp) values (6309780, 378, '2020-09-07', 24-2524100);
insert into BW.Inventario (codigo, n_unidades, data_adicao, operador_resp) values (4461693, 852, '2020-12-19', 30-6203981);
insert into BW.Inventario (codigo, n_unidades, data_adicao, operador_resp) values (6814563, 567, '2020-08-26', 64-5110989);
insert into BW.Inventario (codigo, n_unidades, data_adicao, operador_resp) values (6814563, 165, '2020-08-10', 70-3082769);
insert into BW.Inventario (codigo, n_unidades, data_adicao, operador_resp) values (0435264, 313, '2020-06-29', 64-5110989);
insert into BW.Inventario (codigo, n_unidades, data_adicao, operador_resp) values (2566352, 655, '2021-06-08', 39-3918141);
insert into BW.Inventario (codigo, n_unidades, data_adicao, operador_resp) values (2566352, 259, '2020-11-11', 24-2524100);

-- VEnda FALTA ACABAR; ADICIONAR RESPONSAVEIS

insert into BW.Venda (numero, data, preco, feita_por) values (1, '2020-07-29', 1783, 971);
insert into BW.Venda (numero, data, preco, feita_por) values (2, '2021-05-24', 200, 516);
insert into BW.Venda (numero, data, preco, feita_por) values (3, '2020-08-29', 2524, 909);
insert into BW.Venda (numero, data, preco, feita_por) values (4, '2021-01-25', 1825, 786);
insert into BW.Venda (numero, data, preco, feita_por) values (5, '2020-03-12', 598, 593);
insert into BW.Venda (numero, data, preco, feita_por) values (6, '2019-11-10', 2591, 616);
insert into BW.Venda (numero, data, preco, feita_por) values (7, '2020-03-08', 758, 210);
insert into BW.Venda (numero, data, preco, feita_por) values (8, '2019-08-15', 1749, 781);
insert into BW.Venda (numero, data, preco, feita_por) values (9, '2020-04-20', 260, 59);
insert into BW.Venda (numero, data, preco, feita_por) values (10, '2021-04-16', 1346, 562);
insert into BW.Venda (numero, data, preco, feita_por) values (11, '2019-07-25', 1022, 426);
insert into BW.Venda (numero, data, preco, feita_por) values (12, '2021-01-16', 2599, 54);
insert into BW.Venda (numero, data, preco, feita_por) values (13, '2020-12-04', 1760, 303);
insert into BW.Venda (numero, data, preco, feita_por) values (14, '2020-06-12', 1540, 323);
insert into BW.Venda (numero, data, preco, feita_por) values (15, '2020-12-16', 498, 83);
insert into BW.Venda (numero, data, preco, feita_por) values (16, '2021-04-23', 1892, 196);
insert into BW.Venda (numero, data, preco, feita_por) values (17, '2020-09-04', 1675, 26);
insert into BW.Venda (numero, data, preco, feita_por) values (18, '2019-09-26', 1405, 663);
insert into BW.Venda (numero, data, preco, feita_por) values (19, '2021-03-06', 2946, 557);
insert into BW.Venda (numero, data, preco, feita_por) values (20, '2019-07-21', 2823, 724);
insert into BW.Venda (numero, data, preco, feita_por) values (21, '2019-10-08', 614, 175);
insert into BW.Venda (numero, data, preco, feita_por) values (22, '2019-09-18', 2955, 362);
insert into BW.Venda (numero, data, preco, feita_por) values (23, '2021-05-23', 2120, 564);
insert into BW.Venda (numero, data, preco, feita_por) values (24, '2020-04-26', 776, 47);
insert into BW.Venda (numero, data, preco, feita_por) values (25, '2021-06-06', 879, 655);
insert into BW.Venda (numero, data, preco, feita_por) values (26, '2020-04-03', 128, 201);
insert into BW.Venda (numero, data, preco, feita_por) values (27, '2020-03-18', 337, 715);
insert into BW.Venda (numero, data, preco, feita_por) values (28, '2020-08-23', 2872, 309);
insert into BW.Venda (numero, data, preco, feita_por) values (29, '2019-10-31', 2526, 781);
insert into BW.Venda (numero, data, preco, feita_por) values (30, '2019-09-20', 1329, 43);

-- COmprador

insert into BW.Comprador (num_comprador, n_telefone, nome, localizacao) values (2770157, 945853711, 'Nanine Treneer', 'Porto');
insert into BW.Comprador (num_comprador, n_telefone, nome, localizacao) values (5244931, 981096070, 'Jeane Sheldrake', 'Viana do Castelo');
insert into BW.Comprador (num_comprador, n_telefone, nome, localizacao) values (5315763, 991393805, 'Arnoldo Ginn', 'Braga');
insert into BW.Comprador (num_comprador, n_telefone, nome, localizacao) values (0335683, 909878497, 'Gayle Credland', 'Viana do Castelo');
insert into BW.Comprador (num_comprador, n_telefone, nome, localizacao) values (9227443, 943972403, 'Evonne Klima', 'Porto');
insert into BW.Comprador (num_comprador, n_telefone, nome, localizacao) values (0809100, 968691310, 'Isidore Lapworth', 'Porto');
insert into BW.Comprador (num_comprador, n_telefone, nome, localizacao) values (4177864, 927557751, 'Carine Casson', 'Viana do Castelo');
insert into BW.Comprador (num_comprador, n_telefone, nome, localizacao) values (1610280, 975394576, 'Mycah d''Escoffier', 'Vila Real');
insert into BW.Comprador (num_comprador, n_telefone, nome, localizacao) values (0180452, 997904859, 'Lacie Cawkill', 'Vila Real');
insert into BW.Comprador (num_comprador, n_telefone, nome, localizacao) values (7768868, 938375665, 'Maximo Nordass', 'Braga');
insert into BW.Comprador (num_comprador, n_telefone, nome, localizacao) values (6732895, 963018004, 'Candice Priditt', 'Braga');
insert into BW.Comprador (num_comprador, n_telefone, nome, localizacao) values (2310144, 942497285, 'Anne Meneghelli', 'Vila Real');
insert into BW.Comprador (num_comprador, n_telefone, nome, localizacao) values (5307002, 909787282, 'Richart Dowall', 'Braga');
insert into BW.Comprador (num_comprador, n_telefone, nome, localizacao) values (3307671, 995566697, 'Ringo Niave', 'Braga');
insert into BW.Comprador (num_comprador, n_telefone, nome, localizacao) values (5788514, 925384277, 'Dom Whines', 'Vila Real');

-- VendaAo

insert into BW.VendaAo (num_venda, num_comprador) values (1, 0180452);
insert into BW.VendaAo (num_venda, num_comprador) values (2, 1610280);
insert into BW.VendaAo (num_venda, num_comprador) values (3, 0335683);
insert into BW.VendaAo (num_venda, num_comprador) values (4, 4177864);
insert into BW.VendaAo (num_venda, num_comprador) values (5, 1610280);
insert into BW.VendaAo (num_venda, num_comprador) values (6, 9227443);
insert into BW.VendaAo (num_venda, num_comprador) values (7, 7768868);
insert into BW.VendaAo (num_venda, num_comprador) values (8, 5307002);
insert into BW.VendaAo (num_venda, num_comprador) values (9, 5244931);
insert into BW.VendaAo (num_venda, num_comprador) values (10, 3307671);
insert into BW.VendaAo (num_venda, num_comprador) values (11, 5307002);
insert into BW.VendaAo (num_venda, num_comprador) values (12, 5244931);
insert into BW.VendaAo (num_venda, num_comprador) values (13, 0335683);
insert into BW.VendaAo (num_venda, num_comprador) values (14, 2770157);
insert into BW.VendaAo (num_venda, num_comprador) values (15, 2310144);
insert into BW.VendaAo (num_venda, num_comprador) values (16, 0180452);
insert into BW.VendaAo (num_venda, num_comprador) values (17, 0335683);
insert into BW.VendaAo (num_venda, num_comprador) values (18, 3307671);
insert into BW.VendaAo (num_venda, num_comprador) values (19, 9227443);
insert into BW.VendaAo (num_venda, num_comprador) values (20, 1610280);
insert into BW.VendaAo (num_venda, num_comprador) values (21, 0809100);
insert into BW.VendaAo (num_venda, num_comprador) values (22, 2310144);
insert into BW.VendaAo (num_venda, num_comprador) values (23, 1610280);
insert into BW.VendaAo (num_venda, num_comprador) values (24, 6732895);
insert into BW.VendaAo (num_venda, num_comprador) values (25, 4177864);
insert into BW.VendaAo (num_venda, num_comprador) values (26, 1610280);
insert into BW.VendaAo (num_venda, num_comprador) values (27, 5788514);
insert into BW.VendaAo (num_venda, num_comprador) values (28, 0180452);
insert into BW.VendaAo (num_venda, num_comprador) values (29, 9227443);
insert into BW.VendaAo (num_venda, num_comprador) values (30, 7768868);
insert into BW.VendaAo (num_venda, num_comprador) values (7, 5788514);
insert into BW.VendaAo (num_venda, num_comprador) values (4, 5307002);
insert into BW.VendaAo (num_venda, num_comprador) values (5, 0335683);
insert into BW.VendaAo (num_venda, num_comprador) values (11, 4177864);
insert into BW.VendaAo (num_venda, num_comprador) values (20, 6732895);
insert into BW.VendaAo (num_venda, num_comprador) values (13, 6732895);
insert into BW.VendaAo (num_venda, num_comprador) values (24, 6732895);
insert into BW.VendaAo (num_venda, num_comprador) values (29, 7768868);
insert into BW.VendaAo (num_venda, num_comprador) values (13, 2770157);
insert into BW.VendaAo (num_venda, num_comprador) values (14, 2310144);
insert into BW.VendaAo (num_venda, num_comprador) values (27, 3307671);
insert into BW.VendaAo (num_venda, num_comprador) values (16, 0335683);
insert into BW.VendaAo (num_venda, num_comprador) values (15, 6732895);
insert into BW.VendaAo (num_venda, num_comprador) values (29, 7768868);
insert into BW.VendaAo (num_venda, num_comprador) values (16, 4177864);
insert into BW.VendaAo (num_venda, num_comprador) values (16, 4177864);
insert into BW.VendaAo (num_venda, num_comprador) values (22, 5244931);
insert into BW.VendaAo (num_venda, num_comprador) values (20, 5244931);
insert into BW.VendaAo (num_venda, num_comprador) values (18, 7768868);
insert into BW.VendaAo (num_venda, num_comprador) values (17, 2770157);
insert into BW.VendaAo (num_venda, num_comprador) values (11, 0809100);
insert into BW.VendaAo (num_venda, num_comprador) values (17, 3307671);
insert into BW.VendaAo (num_venda, num_comprador) values (30, 9227443);
insert into BW.VendaAo (num_venda, num_comprador) values (29, 4177864);
insert into BW.VendaAo (num_venda, num_comprador) values (26, 0180452);
insert into BW.VendaAo (num_venda, num_comprador) values (5, 3307671);
insert into BW.VendaAo (num_venda, num_comprador) values (28, 5315763);
insert into BW.VendaAo (num_venda, num_comprador) values (29, 5307002);
insert into BW.VendaAo (num_venda, num_comprador) values (15, 6732895);
insert into BW.VendaAo (num_venda, num_comprador) values (19, 5244931);
insert into BW.VendaAo (num_venda, num_comprador) values (21, 5244931);
insert into BW.VendaAo (num_venda, num_comprador) values (27, 5315763);
insert into BW.VendaAo (num_venda, num_comprador) values (10, 4177864);
insert into BW.VendaAo (num_venda, num_comprador) values (25, 7768868);
insert into BW.VendaAo (num_venda, num_comprador) values (7, 7768868);
insert into BW.VendaAo (num_venda, num_comprador) values (15, 1610280);
insert into BW.VendaAo (num_venda, num_comprador) values (30, 5244931);

--Venda Sobre
insert into BW.VendaSobre (num_venda, produtos) values (1, 1523993);
insert into BW.VendaSobre (num_venda, produtos) values (2, 9256809);
insert into BW.VendaSobre (num_venda, produtos) values (3, 4678637);
insert into BW.VendaSobre (num_venda, produtos) values (4, 8357204);
insert into BW.VendaSobre (num_venda, produtos) values (5, 1523993);
insert into BW.VendaSobre (num_venda, produtos) values (6, 0284073);
insert into BW.VendaSobre (num_venda, produtos) values (7, 4321553);
insert into BW.VendaSobre (num_venda, produtos) values (8, 6766504);
insert into BW.VendaSobre (num_venda, produtos) values (9, 2090001);
insert into BW.VendaSobre (num_venda, produtos) values (10, 9256809);
insert into BW.VendaSobre (num_venda, produtos) values (11, 2090001);
insert into BW.VendaSobre (num_venda, produtos) values (12, 4742993);
insert into BW.VendaSobre (num_venda, produtos) values (13, 2953809);
insert into BW.VendaSobre (num_venda, produtos) values (14, 0092338);
insert into BW.VendaSobre (num_venda, produtos) values (15, 1532163);
insert into BW.VendaSobre (num_venda, produtos) values (16, 4461693);
insert into BW.VendaSobre (num_venda, produtos) values (17, 1523993);
insert into BW.VendaSobre (num_venda, produtos) values (18, 4920978);
insert into BW.VendaSobre (num_venda, produtos) values (19, 2566352);
insert into BW.VendaSobre (num_venda, produtos) values (20, 1532163);
insert into BW.VendaSobre (num_venda, produtos) values (21, 1162622);
insert into BW.VendaSobre (num_venda, produtos) values (22, 6814563);
insert into BW.VendaSobre (num_venda, produtos) values (23, 0435264);
insert into BW.VendaSobre (num_venda, produtos) values (24, 2021983);
insert into BW.VendaSobre (num_venda, produtos) values (25, 8687673);
insert into BW.VendaSobre (num_venda, produtos) values (26, 0435264);
insert into BW.VendaSobre (num_venda, produtos) values (27, 1918195);
insert into BW.VendaSobre (num_venda, produtos) values (28, 3419594);
insert into BW.VendaSobre (num_venda, produtos) values (29, 0556618);
insert into BW.VendaSobre (num_venda, produtos) values (30, 8687673);
insert into BW.VendaSobre (num_venda, produtos) values (28, 4321553);
insert into BW.VendaSobre (num_venda, produtos) values (15, 4678637);
insert into BW.VendaSobre (num_venda, produtos) values (9, 9256809);
insert into BW.VendaSobre (num_venda, produtos) values (25, 0284073);
insert into BW.VendaSobre (num_venda, produtos) values (9, 4050455);
insert into BW.VendaSobre (num_venda, produtos) values (2, 8357204);
insert into BW.VendaSobre (num_venda, produtos) values (6, 6766504);
insert into BW.VendaSobre (num_venda, produtos) values (9, 4678637);
insert into BW.VendaSobre (num_venda, produtos) values (5, 4742993);
insert into BW.VendaSobre (num_venda, produtos) values (24, 4920978);
insert into BW.VendaSobre (num_venda, produtos) values (2, 4742993);
insert into BW.VendaSobre (num_venda, produtos) values (3, 4920978);
insert into BW.VendaSobre (num_venda, produtos) values (7, 1104978);
insert into BW.VendaSobre (num_venda, produtos) values (23, 4742993);
insert into BW.VendaSobre (num_venda, produtos) values (4, 1523993);
insert into BW.VendaSobre (num_venda, produtos) values (25, 6814563);
insert into BW.VendaSobre (num_venda, produtos) values (10, 0556618);
insert into BW.VendaSobre (num_venda, produtos) values (8, 8687673);
insert into BW.VendaSobre (num_venda, produtos) values (20, 2090001);
insert into BW.VendaSobre (num_venda, produtos) values (14, 1918195);
insert into BW.VendaSobre (num_venda, produtos) values (19, 3419594);
insert into BW.VendaSobre (num_venda, produtos) values (4, 4050455);
insert into BW.VendaSobre (num_venda, produtos) values (24, 2090001);
insert into BW.VendaSobre (num_venda, produtos) values (11, 7364366);
insert into BW.VendaSobre (num_venda, produtos) values (20, 1523993);
insert into BW.VendaSobre (num_venda, produtos) values (16, 4742993);
insert into BW.VendaSobre (num_venda, produtos) values (24, 1918195);
insert into BW.VendaSobre (num_venda, produtos) values (21, 9448384);
insert into BW.VendaSobre (num_venda, produtos) values (22, 1918195);
insert into BW.VendaSobre (num_venda, produtos) values (4, 1104978);
insert into BW.VendaSobre (num_venda, produtos) values (17, 2566352);
insert into BW.VendaSobre (num_venda, produtos) values (5, 9256809);
insert into BW.VendaSobre (num_venda, produtos) values (9, 4321553);
insert into BW.VendaSobre (num_venda, produtos) values (5, 6814563);
insert into BW.VendaSobre (num_venda, produtos) values (16, 8357204);
insert into BW.VendaSobre (num_venda, produtos) values (29, 1104978);
insert into BW.VendaSobre (num_venda, produtos) values (30, 1532163);
insert into BW.VendaSobre (num_venda, produtos) values (29, 2021983);
insert into BW.VendaSobre (num_venda, produtos) values (4, 6814563);
insert into BW.VendaSobre (num_venda, produtos) values (7, 0435264);
insert into BW.VendaSobre (num_venda, produtos) values (9, 1162622);
insert into BW.VendaSobre (num_venda, produtos) values (25, 0556618);
insert into BW.VendaSobre (num_venda, produtos) values (17, 4461693);
insert into BW.VendaSobre (num_venda, produtos) values (5, 3419594);

-- Automoveis
-- pesados
insert into BW.Automoveis (matricula, responsavel, em_utilizacao, armazem_resp) values ('V7-2V-G0', 'Constancy Malthouse', 0, 'Viana do Castelo');
insert into BW.Automoveis (matricula, responsavel, em_utilizacao, armazem_resp) values ('X8-8D-J5', 'Katine Cansdale', 0, 'Viana do Castelo');
insert into BW.Automoveis (matricula, responsavel, em_utilizacao, armazem_resp) values ('M7-4X-I7', 'Jeni Domanek', 0, 'Viana do Castelo');
insert into BW.Automoveis (matricula, responsavel, em_utilizacao, armazem_resp) values ('H0-3S-J2', 'Marcille Littlejohns', 0, 'Viana do Castelo');
insert into BW.Automoveis (matricula, responsavel, em_utilizacao, armazem_resp) values ('X9-5S-E6', 'Talbert Higgan', 1, 'Viana do Castelo');
insert into BW.Automoveis (matricula, responsavel, em_utilizacao, armazem_resp) values ('C9-3H-F3', 'Ethel Durnall', 1, 'Viana do Castelo');
insert into BW.Automoveis (matricula, responsavel, em_utilizacao, armazem_resp) values ('H6-7X-Z1', 'Avrit Mattes', 1, 'Viana do Castelo');
insert into BW.Automoveis (matricula, responsavel, em_utilizacao, armazem_resp) values ('A0-9G-J0', 'Pail Blogg', 1, 'Viana do Castelo');
insert into BW.Automoveis (matricula, responsavel, em_utilizacao, armazem_resp) values ('E6-9G-E2', 'Jackie Lazenbury', 1, 'Viana do Castelo');
insert into BW.Automoveis (matricula, responsavel, em_utilizacao, armazem_resp) values ('G8-5R-V5', 'Hillary Eefting', 1, 'Viana do Castelo');
-- ligeiros
insert into BW.Automoveis (matricula, responsavel, em_utilizacao, armazem_resp) values ('P0-1A-Y7', 'Weston Pennaman', 1, 'Viana do Castelo');
insert into BW.Automoveis (matricula, responsavel, em_utilizacao, armazem_resp) values ('M0-5Q-J5', 'Elsa Blyde', 0, 'Viana do Castelo');
insert into BW.Automoveis (matricula, responsavel, em_utilizacao, armazem_resp) values ('A3-5D-P1', 'Elke Westberg', 1, 'Viana do Castelo');
insert into BW.Automoveis (matricula, responsavel, em_utilizacao, armazem_resp) values ('Z1-0Z-P5', 'Hannah Cordaroy', 1, 'Viana do Castelo');
insert into BW.Automoveis (matricula, responsavel, em_utilizacao, armazem_resp) values ('F7-0Z-R3', 'Paulie Tinham', 0, 'Viana do Castelo');
insert into BW.Automoveis (matricula, responsavel, em_utilizacao, armazem_resp) values ('T3-7U-X5', 'Malvina McGow', 1, 'Viana do Castelo');
insert into BW.Automoveis (matricula, responsavel, em_utilizacao, armazem_resp) values ('K8-1A-Y7', 'Tiphany Reyes', 0, 'Viana do Castelo');
insert into BW.Automoveis (matricula, responsavel, em_utilizacao, armazem_resp) values ('Q3-2D-F7', 'Idaline Goodley', 0, 'Viana do Castelo');
insert into BW.Automoveis (matricula, responsavel, em_utilizacao, armazem_resp) values ('T6-1I-Y2', 'Fernanda Chapple', 1, 'Viana do Castelo');
insert into BW.Automoveis (matricula, responsavel, em_utilizacao, armazem_resp) values ('W7-4O-P4', 'Palmer Holleworth', 0, 'Viana do Castelo');
insert into BW.Automoveis (matricula, responsavel, em_utilizacao, armazem_resp) values ('H7-9U-S8', 'Eydie Gimblet', 1, 'Viana do Castelo');
insert into BW.Automoveis (matricula, responsavel, em_utilizacao, armazem_resp) values ('E8-9R-K9', 'Virgie Chessil', 0, 'Viana do Castelo');
insert into BW.Automoveis (matricula, responsavel, em_utilizacao, armazem_resp) values ('K7-3Q-M7', 'Rafaelia Tomaini', 0, 'Viana do Castelo');
insert into BW.Automoveis (matricula, responsavel, em_utilizacao, armazem_resp) values ('D9-7H-Z9', 'Frankie Alam', 1, 'Viana do Castelo');
insert into BW.Automoveis (matricula, responsavel, em_utilizacao, armazem_resp) values ('O7-8W-A6', 'Padraig Alleyn', 0, 'Viana do Castelo');
insert into BW.Automoveis (matricula, responsavel, em_utilizacao, armazem_resp) values ('Q8-9D-P1', 'Doralynne Geertsen', 0, 'Viana do Castelo');

--Pesado
insert into BW.Pesado (matricula, carga) values ('V7-2V-G0',1300);
insert into BW.Pesado (matricula, carga) values ('X8-8D-J5',3123);
insert into BW.Pesado (matricula, carga) values ('M7-4X-I7',4322);
insert into BW.Pesado (matricula, carga) values ('H0-3S-J2',1124);
insert into BW.Pesado (matricula, carga) values ('X9-5S-E6',3241);
insert into BW.Pesado (matricula, carga) values ('C9-3H-F3',1234);
insert into BW.Pesado (matricula, carga) values ('H6-7X-Z1',4332);
insert into BW.Pesado (matricula, carga) values ('A0-9G-J0',2355);
insert into BW.Pesado (matricula, carga) values ('E6-9G-E2',1566);
insert into BW.Pesado (matricula, carga) values ('G8-5R-V5',1235);

-- Ligeiro
insert into BW.Ligeiro (matricula, utilizado_por) values ('P0-1A-Y7', 'Weston Pennaman');
insert into BW.Ligeiro (matricula, utilizado_por) values ('M0-5Q-J5', 'Elsa Blyde');
insert into BW.Ligeiro (matricula, utilizado_por) values ('A3-5D-P1', 'Elke Westberg');
insert into BW.Ligeiro (matricula, utilizado_por) values ('Z1-0Z-P5', 'Hannah Cordaroy');
insert into BW.Ligeiro (matricula, utilizado_por) values ('F7-0Z-R3', 'Paulie Tinham');
insert into BW.Ligeiro (matricula, utilizado_por) values ('T3-7U-X5', 'Malvina McGow');
insert into BW.Ligeiro (matricula, utilizado_por) values ('K8-1A-Y7', 'Tiphany Reyes');
insert into BW.Ligeiro (matricula, utilizado_por) values ('Q3-2D-F7', 'Idaline Goodley');
insert into BW.Ligeiro (matricula, utilizado_por) values ('T6-1I-Y2', 'Fernanda Chapple');
insert into BW.Ligeiro (matricula, utilizado_por) values ('W7-4O-P4', 'Palmer Holleworth');
insert into BW.Ligeiro (matricula, utilizado_por) values ('H7-9U-S8', 'Eydie Gimblet');
insert into BW.Ligeiro (matricula, utilizado_por) values ('E8-9R-K9', 'Virgie Chessil');
insert into BW.Ligeiro (matricula, utilizado_por) values ('K7-3Q-M7', 'Rafaelia Tomaini');
insert into BW.Ligeiro (matricula, utilizado_por) values ('D9-7H-Z9', 'Frankie Alam');
insert into BW.Ligeiro (matricula, utilizado_por) values ('O7-8W-A6', 'Padraig Alleyn');
insert into BW.Ligeiro (matricula, utilizado_por) values ('Q8-9D-P1', 'Doralynne Geertsen');

-- Rotas
insert into BW.Rotas (id, data) values (1, '2021-06-09');
insert into BW.Rotas (id, data) values (2, '2020-12-15');
insert into BW.Rotas (id, data) values (3, '2021-05-08');
insert into BW.Rotas (id, data) values (4, '2020-09-14');
insert into BW.Rotas (id, data) values (5, '2020-10-28');
insert into BW.Rotas (id, data) values (6, '2020-12-05');
insert into BW.Rotas (id, data) values (7, '2021-05-13');
insert into BW.Rotas (id, data) values (8, '2020-08-19');
insert into BW.Rotas (id, data) values (9, '2020-07-06');
insert into BW.Rotas (id, data) values (10, '2020-12-10');
insert into BW.Rotas (id, data) values (11, '2020-10-14');
insert into BW.Rotas (id, data) values (12, '2020-08-02');
insert into BW.Rotas (id, data) values (13, '2020-11-29');
insert into BW.Rotas (id, data) values (14, '2021-05-12');
insert into BW.Rotas (id, data) values (15, '2021-03-26');

-- FEz Rotas
insert into BW.FezRota (id, carro_usado) values (1, 'T6-1I-Y2');
insert into BW.FezRota (id, carro_usado) values (2, 'E8-9R-K9');
insert into BW.FezRota (id, carro_usado) values (3, 'H6-7X-Z1');
insert into BW.FezRota (id, carro_usado) values (4, 'H7-9U-S8');
insert into BW.FezRota (id, carro_usado) values (5, 'E8-9R-K9');
insert into BW.FezRota (id, carro_usado) values (6, 'T3-7U-X5');
insert into BW.FezRota (id, carro_usado) values (7, 'A0-9G-J0');
insert into BW.FezRota (id, carro_usado) values (8, 'E8-9R-K9');
insert into BW.FezRota (id, carro_usado) values (9, 'Q3-2D-F7');
insert into BW.FezRota (id, carro_usado) values (10, 'P0-1A-Y7');
insert into BW.FezRota (id, carro_usado) values (11, 'G8-5R-V5');
insert into BW.FezRota (id, carro_usado) values (12, 'H6-7X-Z1');
insert into BW.FezRota (id, carro_usado) values (13, 'P0-1A-Y7');
insert into BW.FezRota (id, carro_usado) values (14, 'E8-9R-K9');
insert into BW.FezRota (id, carro_usado) values (15, 'G8-5R-V5');
insert into BW.FezRota (id, carro_usado) values (14, 'P0-1A-Y7');
insert into BW.FezRota (id, carro_usado) values (4, 'G8-5R-V5');
insert into BW.FezRota (id, carro_usado) values (13, 'C9-3H-F3');
insert into BW.FezRota (id, carro_usado) values (13, 'D9-7H-Z9');
insert into BW.FezRota (id, carro_usado) values (8, 'W7-4O-P4');
insert into BW.FezRota (id, carro_usado) values (14, 'C9-3H-F3');
insert into BW.FezRota (id, carro_usado) values (10, 'D9-7H-Z9');
insert into BW.FezRota (id, carro_usado) values (13, 'T3-7U-X5');
insert into BW.FezRota (id, carro_usado) values (12, 'E6-9G-E2');
insert into BW.FezRota (id, carro_usado) values (12, 'Z1-0Z-P5');
insert into BW.FezRota (id, carro_usado) values (12, 'H7-9U-S8');
insert into BW.FezRota (id, carro_usado) values (4, 'G8-5R-V5');
insert into BW.FezRota (id, carro_usado) values (10, 'H6-7X-Z1');
insert into BW.FezRota (id, carro_usado) values (9, 'G8-5R-V5');
insert into BW.FezRota (id, carro_usado) values (10, 'H6-7X-Z1');

--Zonas Rotas
insert into BW.ZonasRotas (id, carro_usado) values (1, 'Braga');
insert into BW.ZonasRotas (id, carro_usado) values (2, 'V.N Gaia');
insert into BW.ZonasRotas (id, carro_usado) values (3, 'Guimarães');
insert into BW.ZonasRotas (id, carro_usado) values (4, 'Famalicão');
insert into BW.ZonasRotas (id, carro_usado) values (5, 'Arcos de Valdevez');
insert into BW.ZonasRotas (id, carro_usado) values (6, 'Braga');
insert into BW.ZonasRotas (id, carro_usado) values (7, 'Viana do Castelo');
insert into BW.ZonasRotas (id, carro_usado) values (8, 'Famalicão');
insert into BW.ZonasRotas (id, carro_usado) values (9, 'Vila Real');
insert into BW.ZonasRotas (id, carro_usado) values (10, 'Arcos de Valdevez');
insert into BW.ZonasRotas (id, carro_usado) values (11, 'Viana do Castelo');
insert into BW.ZonasRotas (id, carro_usado) values (12, 'Esposende');
insert into BW.ZonasRotas (id, carro_usado) values (13, 'Braga');
insert into BW.ZonasRotas (id, carro_usado) values (14, 'Porto');
insert into BW.ZonasRotas (id, carro_usado) values (15, 'V.N Gaia');
insert into BW.ZonasRotas (id, carro_usado) values (15, 'Famalicão');
insert into BW.ZonasRotas (id, carro_usado) values (4, 'Famalicão');
insert into BW.ZonasRotas (id, carro_usado) values (13, 'Viana do Castelo');
insert into BW.ZonasRotas (id, carro_usado) values (5, 'Braga');
insert into BW.ZonasRotas (id, carro_usado) values (5, 'V.N Gaia');
insert into BW.ZonasRotas (id, carro_usado) values (7, 'Esposende');
insert into BW.ZonasRotas (id, carro_usado) values (13, 'Famalicão');
insert into BW.ZonasRotas (id, carro_usado) values (6, 'Braga');
insert into BW.ZonasRotas (id, carro_usado) values (13, 'Porto');
insert into BW.ZonasRotas (id, carro_usado) values (15, 'Braga');
insert into BW.ZonasRotas (id, carro_usado) values (2, 'Porto');
insert into BW.ZonasRotas (id, carro_usado) values (8, 'Vila Real');
insert into BW.ZonasRotas (id, carro_usado) values (10, 'V.N Gaia');
insert into BW.ZonasRotas (id, carro_usado) values (14, 'Esposende');
insert into BW.ZonasRotas (id, carro_usado) values (12, 'Viana do Castelo');
