/* BEBIDIS Warehouse Manager 
   Tiago Barros 88963
   Miguel Ferreira 93419
   2021
*/

-- Queries geradas com dados ficticios em https://www.mockaroo.com/ 

-- ARMAZEM)
INSERT INTO BW.Armazem (localizacao,n_telefone,n_funcionarios,n_automoveis) VALUES ('Viana do Castelo',929292877,83,50);

-- FUNCIONARIOS)
INSERT INTO BW.Funcionario (nome, n_telemovel, data_nascimento, salario, armazem_trabalha) VALUES ('José Carlos', 934335122, '1969-09-11', 3500, 'Viana do Castelo');

INSERT INTO BW.Funcionario (nome, n_telemovel, data_nascimento, salario, armazem_trabalha) VALUES ('Tiago Barros', 934335123, '1969-09-11', 3500, 'Viana do Castelo');
INSERT INTO BW.Funcionario (nome, n_telemovel, data_nascimento, salario, armazem_trabalha) VALUES ('Rui Pedro', 934335124, '1969-09-11', 3500, 'Viana do Castelo');
INSERT INTO BW.Funcionario (nome, n_telemovel, data_nascimento, salario, armazem_trabalha) VALUES ('David Barros', 934335125, '1969-09-11', 3500, 'Viana do Castelo');
--promotor de vendas
INSERT INTO BW.Funcionario (nome, n_telemovel, data_nascimento, salario, armazem_trabalha) VALUES ('Tybie MacAnellye', 973358516, '1959-07-23', 892, 'Viana do Castelo');
INSERT INTO BW.Funcionario (nome, n_telemovel, data_nascimento, salario, armazem_trabalha) VALUES ('Morna Losano', 994199303, '1965-06-26', 1039, 'Viana do Castelo');
INSERT INTO BW.Funcionario (nome, n_telemovel, data_nascimento, salario, armazem_trabalha) VALUES ('Cordula Crookes', 943057898, '1980-11-20', 1312, 'Viana do Castelo');
INSERT INTO BW.Funcionario (nome, n_telemovel, data_nascimento, salario, armazem_trabalha) VALUES ('Lisa Joel', 921744437, '1984-10-25', 732, 'Viana do Castelo');
INSERT INTO BW.Funcionario (nome, n_telemovel, data_nascimento, salario, armazem_trabalha) VALUES ('Rutger Spall', 908752724, '1991-09-17', 842, 'Viana do Castelo');
INSERT INTO BW.Funcionario (nome, n_telemovel, data_nascimento, salario, armazem_trabalha) VALUES ('Madelon Niven', 902048186, '1958-04-19', 1092, 'Viana do Castelo');
INSERT INTO BW.Funcionario (nome, n_telemovel, data_nascimento, salario, armazem_trabalha) VALUES ('Lian Trembley', 962221762, '1972-02-15', 1324, 'Viana do Castelo');
INSERT INTO BW.Funcionario (nome, n_telemovel, data_nascimento, salario, armazem_trabalha) VALUES ('Josi Deppen', 939107883, '1965-12-16', 1448, 'Viana do Castelo');
INSERT INTO BW.Funcionario (nome, n_telemovel, data_nascimento, salario, armazem_trabalha) VALUES ('Walton Speake', 955980827, '1979-01-19', 1341, 'Viana do Castelo');
INSERT INTO BW.Funcionario (nome, n_telemovel, data_nascimento, salario, armazem_trabalha) VALUES ('Jenelle Goaley', 949309152, '1977-08-17', 973, 'Viana do Castelo');
INSERT INTO BW.Funcionario (nome, n_telemovel, data_nascimento, salario, armazem_trabalha) VALUES ('Keenan Pighills', 947401828, '1974-04-06', 1481, 'Viana do Castelo');
INSERT INTO BW.Funcionario (nome, n_telemovel, data_nascimento, salario, armazem_trabalha) VALUES ('Whitney Stebbings', 961942236, '1956-08-15', 1389, 'Viana do Castelo');
INSERT INTO BW.Funcionario (nome, n_telemovel, data_nascimento, salario, armazem_trabalha) VALUES ('Teddie Sandham', 966355358, '1998-01-25', 1062, 'Viana do Castelo');
INSERT INTO BW.Funcionario (nome, n_telemovel, data_nascimento, salario, armazem_trabalha) VALUES ('Van Haining', 976075123, '1979-02-04', 741, 'Viana do Castelo');
INSERT INTO BW.Funcionario (nome, n_telemovel, data_nascimento, salario, armazem_trabalha) VALUES ('Anny Empleton', 952490345, '1974-09-12', 1157, 'Viana do Castelo');
INSERT INTO BW.Funcionario (nome, n_telemovel, data_nascimento, salario, armazem_trabalha) VALUES ('Roxanne Cattroll', 967435645, '1966-06-26', 669, 'Viana do Castelo');
INSERT INTO BW.Funcionario (nome, n_telemovel, data_nascimento, salario, armazem_trabalha) VALUES ('Cheslie Treves', 902519534, '1950-12-06', 769, 'Viana do Castelo');
INSERT INTO BW.Funcionario (nome, n_telemovel, data_nascimento, salario, armazem_trabalha) VALUES ('Ollie Dumbelton', 949496059, '1973-04-15', 1240, 'Viana do Castelo');
INSERT INTO BW.Funcionario (nome, n_telemovel, data_nascimento, salario, armazem_trabalha) VALUES ('Angil Howes', 927294926, '1981-11-17', 1420, 'Viana do Castelo');
INSERT INTO BW.Funcionario (nome, n_telemovel, data_nascimento, salario, armazem_trabalha) VALUES ('Berthe Ewing', 945950859, '1953-03-06', 1356, 'Viana do Castelo');
INSERT INTO BW.Funcionario (nome, n_telemovel, data_nascimento, salario, armazem_trabalha) VALUES ('Aurilia Slamaker', 943774064, '1964-01-21', 1418, 'Viana do Castelo');
INSERT INTO BW.Funcionario (nome, n_telemovel, data_nascimento, salario, armazem_trabalha) VALUES ('Sibyl Adamini', 971289707, '1979-11-02', 677, 'Viana do Castelo');
INSERT INTO BW.Funcionario (nome, n_telemovel, data_nascimento, salario, armazem_trabalha) VALUES ('Nicolina MacKall', 959745292, '1955-05-12', 1150, 'Viana do Castelo');
INSERT INTO BW.Funcionario (nome, n_telemovel, data_nascimento, salario, armazem_trabalha) VALUES ('Ari Ravillas', 957547703, '1963-07-19', 773, 'Viana do Castelo');
INSERT INTO BW.Funcionario (nome, n_telemovel, data_nascimento, salario, armazem_trabalha) VALUES ('Humberto Millery', 972596022, '1981-03-20', 989, 'Viana do Castelo');
INSERT INTO BW.Funcionario (nome, n_telemovel, data_nascimento, salario, armazem_trabalha) VALUES ('Lou Mitchard', 995237744, '1974-03-21', 1283, 'Viana do Castelo');
INSERT INTO BW.Funcionario (nome, n_telemovel, data_nascimento, salario, armazem_trabalha) VALUES ('Noami Lakeman', 93501957, '1950-06-10', 999, 'Viana do Castelo');
INSERT INTO BW.Funcionario (nome, n_telemovel, data_nascimento, salario, armazem_trabalha) VALUES ('Sapphira Kunath', 900554875, '1969-11-15', 1364, 'Viana do Castelo');
INSERT INTO BW.Funcionario (nome, n_telemovel, data_nascimento, salario, armazem_trabalha) VALUES ('Onida Elsy', 923302892, '1998-12-17', 1144, 'Viana do Castelo');
INSERT INTO BW.Funcionario (nome, n_telemovel, data_nascimento, salario, armazem_trabalha) VALUES ('Son Moen', 944988544, '1995-12-30', 1414, 'Viana do Castelo');
INSERT INTO BW.Funcionario (nome, n_telemovel, data_nascimento, salario, armazem_trabalha) VALUES ('Jamie Bytheway', 964267854, '1971-11-25', 710, 'Viana do Castelo');
INSERT INTO BW.Funcionario (nome, n_telemovel, data_nascimento, salario, armazem_trabalha) VALUES ('Kellina Dyble', 920816340, '1980-07-27', 1350, 'Viana do Castelo');
INSERT INTO BW.Funcionario (nome, n_telemovel, data_nascimento, salario, armazem_trabalha) VALUES ('Linell Pearton', 942546522, '1970-11-11', 1076, 'Viana do Castelo');
INSERT INTO BW.Funcionario (nome, n_telemovel, data_nascimento, salario, armazem_trabalha) VALUES ('Marcille Dudgeon', 928552080, '1976-06-27', 947, 'Viana do Castelo');
INSERT INTO BW.Funcionario (nome, n_telemovel, data_nascimento, salario, armazem_trabalha) VALUES ('Shirlee Mityukov', 962262843, '1952-01-11', 923, 'Viana do Castelo');
INSERT INTO BW.Funcionario (nome, n_telemovel, data_nascimento, salario, armazem_trabalha) VALUES ('Roshelle Follis', 939402415, '1966-05-30', 1195, 'Viana do Castelo');
INSERT INTO BW.Funcionario (nome, n_telemovel, data_nascimento, salario, armazem_trabalha) VALUES ('Murdock Pitkeathley', 955879185, '1964-04-13', 1348, 'Viana do Castelo');
INSERT INTO BW.Funcionario (nome, n_telemovel, data_nascimento, salario, armazem_trabalha) VALUES ('Gregorio Drinan',995008457, '1987-12-08', 1266, 'Viana do Castelo');
INSERT INTO BW.Funcionario (nome, n_telemovel, data_nascimento, salario, armazem_trabalha) VALUES ('Wylie Berzon', 982749789, '1951-07-15', 1209, 'Viana do Castelo');
INSERT INTO BW.Funcionario (nome, n_telemovel, data_nascimento, salario, armazem_trabalha) VALUES ('Osbourn De Banke', 904869386, '1985-12-18', 895, 'Viana do Castelo');
INSERT INTO BW.Funcionario (nome, n_telemovel, data_nascimento, salario, armazem_trabalha) VALUES ('Jonis Jamieson', 917309842, '1965-04-01', 1147, 'Viana do Castelo');
INSERT INTO BW.Funcionario (nome, n_telemovel, data_nascimento, salario, armazem_trabalha) VALUES ('Jeri Espinha', 981271381, '1986-08-14', 1087, 'Viana do Castelo');
INSERT INTO BW.Funcionario (nome, n_telemovel, data_nascimento, salario, armazem_trabalha) VALUES ('Nikkie Quye', 907677223, '1994-07-02', 726, 'Viana do Castelo');
INSERT INTO BW.Funcionario (nome, n_telemovel, data_nascimento, salario, armazem_trabalha) VALUES ('Filmore Salvin', 937351039, '1975-09-20', 1480, 'Viana do Castelo');
INSERT INTO BW.Funcionario (nome, n_telemovel, data_nascimento, salario, armazem_trabalha) VALUES ('York Yakubowicz', 931677812, '1983-01-16', 1212, 'Viana do Castelo');
INSERT INTO BW.Funcionario (nome, n_telemovel, data_nascimento, salario, armazem_trabalha) VALUES ('Jorrie Trusdale', 925121079, '1997-04-11', 1434, 'Viana do Castelo');
INSERT INTO BW.Funcionario (nome, n_telemovel, data_nascimento, salario, armazem_trabalha) VALUES ('Gina Glassborow', 940423567, '1977-01-13', 1410, 'Viana do Castelo');
INSERT INTO BW.Funcionario (nome, n_telemovel, data_nascimento, salario, armazem_trabalha) VALUES ('Sophi Turnor', 968737877, '1966-04-25', 1116, 'Viana do Castelo');
INSERT INTO BW.Funcionario (nome, n_telemovel, data_nascimento, salario, armazem_trabalha) VALUES ('Merralee Glasner', 981968989, '1986-08-25', 1383, 'Viana do Castelo');
-- transportador
INSERT INTO BW.Funcionario (nome, n_telemovel, data_nascimento, salario, armazem_trabalha) VALUES ('Parry Harley', 989495723, '1958-06-16', 1200, 'Viana do Castelo');
INSERT INTO BW.Funcionario (nome, n_telemovel, data_nascimento, salario, armazem_trabalha) VALUES ('Hestia Chatan', 968776752, '1964-07-13', 1401, 'Viana do Castelo');
INSERT INTO BW.Funcionario (nome, n_telemovel, data_nascimento, salario, armazem_trabalha) VALUES ('Krista Charrisson', 928040628, '1991-04-04', 1010, 'Viana do Castelo');
INSERT INTO BW.Funcionario (nome, n_telemovel, data_nascimento, salario, armazem_trabalha) VALUES ('Madlin Hardesty', 949782670, '1954-03-31', 894, 'Viana do Castelo');
INSERT INTO BW.Funcionario (nome, n_telemovel, data_nascimento, salario, armazem_trabalha) VALUES ('Franz Gates', 903156512, '1981-04-16', 1100, 'Viana do Castelo');
INSERT INTO BW.Funcionario (nome, n_telemovel, data_nascimento, salario, armazem_trabalha) VALUES ('Ignatius Troctor', 997267377, '1991-09-16', 1487, 'Viana do Castelo');
INSERT INTO BW.Funcionario (nome, n_telemovel, data_nascimento, salario, armazem_trabalha) VALUES ('Cornela Blaxley', 900390224, '1961-08-29', 1249, 'Viana do Castelo');
INSERT INTO BW.Funcionario (nome, n_telemovel, data_nascimento, salario, armazem_trabalha) VALUES ('Nani Draper', 973188419, '1985-09-29', 710, 'Viana do Castelo');
INSERT INTO BW.Funcionario (nome, n_telemovel, data_nascimento, salario, armazem_trabalha) VALUES ('Eilis Goody', 957577266, '1953-09-13', 1070, 'Viana do Castelo');
INSERT INTO BW.Funcionario (nome, n_telemovel, data_nascimento, salario, armazem_trabalha) VALUES ('Truman Hansill', 926289233, '1971-01-15', 1495, 'Viana do Castelo');
INSERT INTO BW.Funcionario (nome, n_telemovel, data_nascimento, salario, armazem_trabalha) VALUES ('Rey Houlston', 962323331, '1959-05-11', 1344, 'Viana do Castelo');
INSERT INTO BW.Funcionario (nome, n_telemovel, data_nascimento, salario, armazem_trabalha) VALUES ('Siegfried Sayers', 989331340, '1998-12-21', 1451, 'Viana do Castelo');
INSERT INTO BW.Funcionario (nome, n_telemovel, data_nascimento, salario, armazem_trabalha) VALUES ('Arlana Skillen', 997299815, '1981-06-08', 1020, 'Viana do Castelo');
INSERT INTO BW.Funcionario (nome, n_telemovel, data_nascimento, salario, armazem_trabalha) VALUES ('Sheeree Mourton', 942591546, '1969-07-13', 1420, 'Viana do Castelo');
INSERT INTO BW.Funcionario (nome, n_telemovel, data_nascimento, salario, armazem_trabalha) VALUES ('Ashton Ivanyushkin', 950380425, '1990-08-09', 1479, 'Viana do Castelo');
-- operadores
INSERT INTO BW.Funcionario (nome, n_telemovel, data_nascimento, salario, armazem_trabalha) VALUES ('Blaine Jennaway', 931138496, '1971-01-27', 764, 'Viana do Castelo');
INSERT INTO BW.Funcionario (nome, n_telemovel, data_nascimento, salario, armazem_trabalha) VALUES ('Nancee Renzullo', 946159404, '1955-08-05', 1345, 'Viana do Castelo');
INSERT INTO BW.Funcionario (nome, n_telemovel, data_nascimento, salario, armazem_trabalha) VALUES ('Raynell Sorsbie', 970539280, '1999-01-30', 785, 'Viana do Castelo');
INSERT INTO BW.Funcionario (nome, n_telemovel, data_nascimento, salario, armazem_trabalha) VALUES ('Siegfried Toke', 924393774, '1994-08-22', 1395, 'Viana do Castelo');
INSERT INTO BW.Funcionario (nome, n_telemovel, data_nascimento, salario, armazem_trabalha) VALUES ('Randolf Altofts', 965167009, '1998-04-15', 1419, 'Viana do Castelo');
INSERT INTO BW.Funcionario (nome, n_telemovel, data_nascimento, salario, armazem_trabalha) VALUES ('Berthe Crux', 914723346, '1986-03-10', 802, 'Viana do Castelo');
INSERT INTO BW.Funcionario (nome, n_telemovel, data_nascimento, salario, armazem_trabalha) VALUES ('Merci Gullis', 910987993, '1977-04-15', 1220, 'Viana do Castelo');
INSERT INTO BW.Funcionario (nome, n_telemovel, data_nascimento, salario, armazem_trabalha) VALUES ('Trixie Tinston', 937596684, '1952-12-31', 1254, 'Viana do Castelo');
INSERT INTO BW.Funcionario (nome, n_telemovel, data_nascimento, salario, armazem_trabalha) VALUES ('Hamlin Egarr', 966141185, '1980-04-02', 650, 'Viana do Castelo');
INSERT INTO BW.Funcionario (nome, n_telemovel, data_nascimento, salario, armazem_trabalha) VALUES ('Early Bowering', 946630621, '1968-02-18', 1020, 'Viana do Castelo');
INSERT INTO BW.Funcionario (nome, n_telemovel, data_nascimento, salario, armazem_trabalha) VALUES ('Marylynne Romaynes', 969246395, '1985-12-16', 765, 'Viana do Castelo');
INSERT INTO BW.Funcionario (nome, n_telemovel, data_nascimento, salario, armazem_trabalha) VALUES ('Emili Sigsworth', 965987621, '1962-09-21', 1225, 'Viana do Castelo');
INSERT INTO BW.Funcionario (nome, n_telemovel, data_nascimento, salario, armazem_trabalha) VALUES ('Meriel Closs', 905789913, '1966-06-18', 1405, 'Viana do Castelo');
INSERT INTO BW.Funcionario (nome, n_telemovel, data_nascimento, salario, armazem_trabalha) VALUES ('Olga Veel', 985485857, '1983-07-15', 1147, 'Viana do Castelo');
INSERT INTO BW.Funcionario (nome, n_telemovel, data_nascimento, salario, armazem_trabalha) VALUES ('Mattie Radnage', 937348290, '1956-01-06', 1057, 'Viana do Castelo');

-- Gerente
INSERT INTO BW.Gerente (num_funcionario, gere_armazem) VALUES (1, 'Viana do Castelo');

-- Operador
INSERT INTO BW.Operador (num_funcionario, num_responsavel) VALUES (3, null);
INSERT INTO BW.Operador (num_funcionario, num_responsavel) VALUES (68,3);
INSERT INTO BW.Operador (num_funcionario, num_responsavel) VALUES (69,null);
INSERT INTO BW.Operador (num_funcionario, num_responsavel) VALUES (70,3);
INSERT INTO BW.Operador (num_funcionario, num_responsavel) VALUES (71,3);
INSERT INTO BW.Operador (num_funcionario, num_responsavel) VALUES (72,3);
INSERT INTO BW.Operador (num_funcionario, num_responsavel) VALUES (73,3);
INSERT INTO BW.Operador (num_funcionario, num_responsavel) VALUES (74,3);
INSERT INTO BW.Operador (num_funcionario, num_responsavel) VALUES (75,3);
INSERT INTO BW.Operador (num_funcionario, num_responsavel) VALUES (76,3);
INSERT INTO BW.Operador (num_funcionario, num_responsavel) VALUES (77,69);
INSERT INTO BW.Operador (num_funcionario, num_responsavel) VALUES (78,69);
INSERT INTO BW.Operador (num_funcionario, num_responsavel) VALUES (79,69);
INSERT INTO BW.Operador (num_funcionario, num_responsavel) VALUES (80,69);
INSERT INTO BW.Operador (num_funcionario, num_responsavel) VALUES (81,69);


-- Transportador
INSERT INTO BW.Transportador (num_funcionario) VALUES (4);
INSERT INTO BW.Transportador (num_funcionario) VALUES (54);
INSERT INTO BW.Transportador (num_funcionario) VALUES (55);
INSERT INTO BW.Transportador (num_funcionario) VALUES (56);
INSERT INTO BW.Transportador (num_funcionario) VALUES (57);
INSERT INTO BW.Transportador (num_funcionario) VALUES (58);
INSERT INTO BW.Transportador (num_funcionario) VALUES (59);
INSERT INTO BW.Transportador (num_funcionario) VALUES (60);
INSERT INTO BW.Transportador (num_funcionario) VALUES (61);
INSERT INTO BW.Transportador (num_funcionario) VALUES (62);
INSERT INTO BW.Transportador (num_funcionario) VALUES (63);
INSERT INTO BW.Transportador (num_funcionario) VALUES (64);
INSERT INTO BW.Transportador (num_funcionario) VALUES (65);
INSERT INTO BW.Transportador (num_funcionario) VALUES (66);
INSERT INTO BW.Transportador (num_funcionario) VALUES (67);


-- Promotor de Vendas
INSERT INTO BW.PromotorVendas (num_funcionario, zona_designada) VALUES (2,'Viana do Castelo');
INSERT INTO BW.PromotorVendas (num_funcionario, zona_designada) VALUES (5,'Viana do Castelo');
INSERT INTO BW.PromotorVendas (num_funcionario, zona_designada) VALUES (6,'Viana do Castelo');
INSERT INTO BW.PromotorVendas (num_funcionario, zona_designada) VALUES (7,'Viana do Castelo');
INSERT INTO BW.PromotorVendas (num_funcionario, zona_designada) VALUES (8,'Viana do Castelo');
INSERT INTO BW.PromotorVendas (num_funcionario, zona_designada) VALUES (9,'Viana do Castelo');
INSERT INTO BW.PromotorVendas (num_funcionario, zona_designada) VALUES (10,'Viana do Castelo');
INSERT INTO BW.PromotorVendas (num_funcionario, zona_designada) VALUES (11,'Viana do Castelo');
INSERT INTO BW.PromotorVendas (num_funcionario, zona_designada) VALUES (12,'Viana do Castelo');
INSERT INTO BW.PromotorVendas (num_funcionario, zona_designada) VALUES (13,'Viana do Castelo');
INSERT INTO BW.PromotorVendas (num_funcionario, zona_designada) VALUES (14,'Viana do Castelo');
INSERT INTO BW.PromotorVendas (num_funcionario, zona_designada) VALUES (15,'Viana do Castelo');
INSERT INTO BW.PromotorVendas (num_funcionario, zona_designada) VALUES (16,'Viana do Castelo');
INSERT INTO BW.PromotorVendas (num_funcionario, zona_designada) VALUES (17,'Viana do Castelo');
INSERT INTO BW.PromotorVendas (num_funcionario, zona_designada) VALUES (18,'Viana do Castelo');
INSERT INTO BW.PromotorVendas (num_funcionario, zona_designada) VALUES (19,'Viana do Castelo');
INSERT INTO BW.PromotorVendas (num_funcionario, zona_designada) VALUES (20,'Viana do Castelo');
INSERT INTO BW.PromotorVendas (num_funcionario, zona_designada) VALUES (21,'Viana do Castelo');
INSERT INTO BW.PromotorVendas (num_funcionario, zona_designada) VALUES (22,'Braga');
INSERT INTO BW.PromotorVendas (num_funcionario, zona_designada) VALUES (23,'Braga');
INSERT INTO BW.PromotorVendas (num_funcionario, zona_designada) VALUES (24,'Braga');
INSERT INTO BW.PromotorVendas (num_funcionario, zona_designada) VALUES (25,'Braga');
INSERT INTO BW.PromotorVendas (num_funcionario, zona_designada) VALUES (26,'Braga');
INSERT INTO BW.PromotorVendas (num_funcionario, zona_designada) VALUES (27,'Braga');
INSERT INTO BW.PromotorVendas (num_funcionario, zona_designada) VALUES (28,'Braga');
INSERT INTO BW.PromotorVendas (num_funcionario, zona_designada) VALUES (29,'Braga');
INSERT INTO BW.PromotorVendas (num_funcionario, zona_designada) VALUES (30,'Braga');
INSERT INTO BW.PromotorVendas (num_funcionario, zona_designada) VALUES (31,'Braga');
INSERT INTO BW.PromotorVendas (num_funcionario, zona_designada) VALUES (32,'Braga');
INSERT INTO BW.PromotorVendas (num_funcionario, zona_designada) VALUES (33,'Braga');
INSERT INTO BW.PromotorVendas (num_funcionario, zona_designada) VALUES (34,'Vila Real');
INSERT INTO BW.PromotorVendas (num_funcionario, zona_designada) VALUES (35,'Vila Real');
INSERT INTO BW.PromotorVendas (num_funcionario, zona_designada) VALUES (36,'Vila Real');
INSERT INTO BW.PromotorVendas (num_funcionario, zona_designada) VALUES (37,'Vila Real');
INSERT INTO BW.PromotorVendas (num_funcionario, zona_designada) VALUES (38,'Vila Real');
INSERT INTO BW.PromotorVendas (num_funcionario, zona_designada) VALUES (39,'Vila Real');
INSERT INTO BW.PromotorVendas (num_funcionario, zona_designada) VALUES (40,'Vila Real');
INSERT INTO BW.PromotorVendas (num_funcionario, zona_designada) VALUES (41,'Vila Real');
INSERT INTO BW.PromotorVendas (num_funcionario, zona_designada) VALUES (42,'Vila Real');
INSERT INTO BW.PromotorVendas (num_funcionario, zona_designada) VALUES (43,'Porto');
INSERT INTO BW.PromotorVendas (num_funcionario, zona_designada) VALUES (44,'Porto');
INSERT INTO BW.PromotorVendas (num_funcionario, zona_designada) VALUES (45,'Porto');
INSERT INTO BW.PromotorVendas (num_funcionario, zona_designada) VALUES (46,'Porto');
INSERT INTO BW.PromotorVendas (num_funcionario, zona_designada) VALUES (47,'Porto');
INSERT INTO BW.PromotorVendas (num_funcionario, zona_designada) VALUES (48,'Porto');
INSERT INTO BW.PromotorVendas (num_funcionario, zona_designada) VALUES (49,'Porto');
INSERT INTO BW.PromotorVendas (num_funcionario, zona_designada) VALUES (50,'Porto');
INSERT INTO BW.PromotorVendas (num_funcionario, zona_designada) VALUES (51,'Porto');
INSERT INTO BW.PromotorVendas (num_funcionario, zona_designada) VALUES (52,'Porto');
INSERT INTO BW.PromotorVendas (num_funcionario, zona_designada) VALUES (53,'Porto');
INSERT INTO BW.PromotorVendas (num_funcionario, zona_designada) VALUES (82,'Porto');
INSERT INTO BW.PromotorVendas (num_funcionario, zona_designada) VALUES (83,'Porto');

-- Automoveis
-- pesados
INSERT INTO BW.Automoveis (matricula, responsavel, em_utilizacao, armazem_resp) VALUES ('V7-2V-G0', 54, 0, 'Viana do Castelo');
INSERT INTO BW.Automoveis (matricula, responsavel, em_utilizacao, armazem_resp) VALUES ('X8-8D-J5', 55, 0, 'Viana do Castelo');
INSERT INTO BW.Automoveis (matricula, responsavel, em_utilizacao, armazem_resp) VALUES ('M7-4X-I7', 54, 0, 'Viana do Castelo');
INSERT INTO BW.Automoveis (matricula, responsavel, em_utilizacao, armazem_resp) VALUES ('H0-3S-J2', 54, 0, 'Viana do Castelo');
INSERT INTO BW.Automoveis (matricula, responsavel, em_utilizacao, armazem_resp) VALUES ('X9-5S-E6', 61, 1, 'Viana do Castelo');
INSERT INTO BW.Automoveis (matricula, responsavel, em_utilizacao, armazem_resp) VALUES ('C9-3H-F3', 67, 1, 'Viana do Castelo');
INSERT INTO BW.Automoveis (matricula, responsavel, em_utilizacao, armazem_resp) VALUES ('H6-7X-Z1', 60, 1, 'Viana do Castelo');
INSERT INTO BW.Automoveis (matricula, responsavel, em_utilizacao, armazem_resp) VALUES ('A0-9G-J0', 59, 1, 'Viana do Castelo');
INSERT INTO BW.Automoveis (matricula, responsavel, em_utilizacao, armazem_resp) VALUES ('E6-9G-E2', 58, 1, 'Viana do Castelo');
INSERT INTO BW.Automoveis (matricula, responsavel, em_utilizacao, armazem_resp) VALUES ('G8-5R-V5', 57, 1, 'Viana do Castelo');
-- ligeiros
INSERT INTO BW.Automoveis (matricula, responsavel, em_utilizacao, armazem_resp) VALUES ('P0-1A-Y7', 2, 1, 'Viana do Castelo');
INSERT INTO BW.Automoveis (matricula, responsavel, em_utilizacao, armazem_resp) VALUES ('M0-5Q-J5', 5, 0, 'Viana do Castelo');
INSERT INTO BW.Automoveis (matricula, responsavel, em_utilizacao, armazem_resp) VALUES ('A3-5D-P1', 7, 1, 'Viana do Castelo');
INSERT INTO BW.Automoveis (matricula, responsavel, em_utilizacao, armazem_resp) VALUES ('Z1-0Z-P5', 8, 1, 'Viana do Castelo');
INSERT INTO BW.Automoveis (matricula, responsavel, em_utilizacao, armazem_resp) VALUES ('F7-0Z-R3', 9, 0, 'Viana do Castelo');
INSERT INTO BW.Automoveis (matricula, responsavel, em_utilizacao, armazem_resp) VALUES ('T3-7U-X5', 11, 1, 'Viana do Castelo');
INSERT INTO BW.Automoveis (matricula, responsavel, em_utilizacao, armazem_resp) VALUES ('K8-1A-Y7', 32, 0, 'Viana do Castelo');
INSERT INTO BW.Automoveis (matricula, responsavel, em_utilizacao, armazem_resp) VALUES ('Q3-2D-F7', 12, 0, 'Viana do Castelo');
INSERT INTO BW.Automoveis (matricula, responsavel, em_utilizacao, armazem_resp) VALUES ('T6-1I-Y2', 32, 1, 'Viana do Castelo');
INSERT INTO BW.Automoveis (matricula, responsavel, em_utilizacao, armazem_resp) VALUES ('W7-4O-P4', 51, 0, 'Viana do Castelo');
INSERT INTO BW.Automoveis (matricula, responsavel, em_utilizacao, armazem_resp) VALUES ('H7-9U-S8', 23, 1, 'Viana do Castelo');
INSERT INTO BW.Automoveis (matricula, responsavel, em_utilizacao, armazem_resp) VALUES ('E8-9R-K9', 31, 0, 'Viana do Castelo');
INSERT INTO BW.Automoveis (matricula, responsavel, em_utilizacao, armazem_resp) VALUES ('K7-3Q-M7', 13, 0, 'Viana do Castelo');
INSERT INTO BW.Automoveis (matricula, responsavel, em_utilizacao, armazem_resp) VALUES ('D9-7H-Z9', 29, 1, 'Viana do Castelo');
INSERT INTO BW.Automoveis (matricula, responsavel, em_utilizacao, armazem_resp) VALUES ('O7-8W-A6', 25, 0, 'Viana do Castelo');
INSERT INTO BW.Automoveis (matricula, responsavel, em_utilizacao, armazem_resp) VALUES ('Q8-9D-P1', 24, 0, 'Viana do Castelo');

--Pesado
INSERT INTO BW.Pesado (matricula, carga) VALUES ('V7-2V-G0',1300);
INSERT INTO BW.Pesado (matricula, carga) VALUES ('X8-8D-J5',3123);
INSERT INTO BW.Pesado (matricula, carga) VALUES ('M7-4X-I7',4322);
INSERT INTO BW.Pesado (matricula, carga) VALUES ('H0-3S-J2',1124);
INSERT INTO BW.Pesado (matricula, carga) VALUES ('X9-5S-E6',3241);
INSERT INTO BW.Pesado (matricula, carga) VALUES ('C9-3H-F3',1234);
INSERT INTO BW.Pesado (matricula, carga) VALUES ('H6-7X-Z1',4332);
INSERT INTO BW.Pesado (matricula, carga) VALUES ('A0-9G-J0',2355);
INSERT INTO BW.Pesado (matricula, carga) VALUES ('E6-9G-E2',1566);
INSERT INTO BW.Pesado (matricula, carga) VALUES ('G8-5R-V5',1235);

-- Ligeiro
INSERT INTO BW.Ligeiro (matricula, utilizado_por) VALUES ('P0-1A-Y7', 2);
INSERT INTO BW.Ligeiro (matricula, utilizado_por) VALUES ('M0-5Q-J5', 5);
INSERT INTO BW.Ligeiro (matricula, utilizado_por) VALUES ('A3-5D-P1', 7);
INSERT INTO BW.Ligeiro (matricula, utilizado_por) VALUES ('Z1-0Z-P5', 8);
INSERT INTO BW.Ligeiro (matricula, utilizado_por) VALUES ('F7-0Z-R3', 9);
INSERT INTO BW.Ligeiro (matricula, utilizado_por) VALUES ('T3-7U-X5', 11);
INSERT INTO BW.Ligeiro (matricula, utilizado_por) VALUES ('K8-1A-Y7', 32);
INSERT INTO BW.Ligeiro (matricula, utilizado_por) VALUES ('Q3-2D-F7', 12);
INSERT INTO BW.Ligeiro (matricula, utilizado_por) VALUES ('T6-1I-Y2', 32);
INSERT INTO BW.Ligeiro (matricula, utilizado_por) VALUES ('W7-4O-P4', 51);
INSERT INTO BW.Ligeiro (matricula, utilizado_por) VALUES ('H7-9U-S8', 23);
INSERT INTO BW.Ligeiro (matricula, utilizado_por) VALUES ('E8-9R-K9', 31);
INSERT INTO BW.Ligeiro (matricula, utilizado_por) VALUES ('K7-3Q-M7', 13);
INSERT INTO BW.Ligeiro (matricula, utilizado_por) VALUES ('D9-7H-Z9', 29);
INSERT INTO BW.Ligeiro (matricula, utilizado_por) VALUES ('O7-8W-A6', 25);
INSERT INTO BW.Ligeiro (matricula, utilizado_por) VALUES ('Q8-9D-P1', 24);

-- Encomenda
INSERT INTO BW.Encomenda (data_realizacao, transportador, veiculo_transp) VALUES ('2021-01-21', 4, 'C9-3H-F3');
INSERT INTO BW.Encomenda (data_realizacao, transportador, veiculo_transp) VALUES ('2021-03-15', 59, 'E6-9G-E2');
INSERT INTO BW.Encomenda (data_realizacao, transportador, veiculo_transp) VALUES ('2020-11-02', 54, 'A0-9G-J0');
INSERT INTO BW.Encomenda (data_realizacao, transportador, veiculo_transp) VALUES ('2020-10-16', 55, 'G8-5R-V5');
INSERT INTO BW.Encomenda (data_realizacao, transportador, veiculo_transp) VALUES ('2021-03-15', 56, 'A0-9G-J0');
INSERT INTO BW.Encomenda (data_realizacao, transportador, veiculo_transp) VALUES ('2021-03-30', 57, 'E6-9G-E2');
INSERT INTO BW.Encomenda (data_realizacao, transportador, veiculo_transp) VALUES ('2021-04-09', 58, 'A0-9G-J0');
INSERT INTO BW.Encomenda (data_realizacao, transportador, veiculo_transp) VALUES ('2021-04-02', 66, 'G8-5R-V5');
INSERT INTO BW.Encomenda (data_realizacao, transportador, veiculo_transp) VALUES ('2020-07-31', 61, 'C9-3H-F3');
INSERT INTO BW.Encomenda (data_realizacao, transportador, veiculo_transp) VALUES ('2021-04-07', 60, 'A0-9G-J0');


--Produto
INSERT INTO BW.Produto (preco, nome, peso) VALUES (0.67, 'Agua Mineral Fastio - 1L',1.1);
INSERT INTO BW.Produto (preco, nome, peso) VALUES (0.45, 'Agua Mineral Fastio - 0.5L',0.6);
INSERT INTO BW.Produto (preco, nome, peso) VALUES (0.26, 'Agua Mineral Fastio - 0.33L',0.4);
INSERT INTO BW.Produto (preco, nome, peso) VALUES (0.79, 'Agua Mineral Fastio - 1.5L',1.6);
INSERT INTO BW.Produto (preco, nome, peso) VALUES (0.30, 'Frutol Laranja 0.33L',0.4);
INSERT INTO BW.Produto (preco, nome, peso) VALUES (0.65, 'Frutol Laranja 1L',1.1);
INSERT INTO BW.Produto (preco, nome, peso) VALUES (0.30, 'Frutol Ananás Menta 0.33L',0.4);
INSERT INTO BW.Produto (preco, nome, peso) VALUES (0.65, 'Frutol Ananás Menta 1L',1.1);
INSERT INTO BW.Produto (preco, nome, peso) VALUES (0.30, 'Frutol Laranja Maracujá 0.33L',0.4);
INSERT INTO BW.Produto (preco, nome, peso) VALUES (0.65, 'Frutol Laranja Maracujá 1L',1.1);
INSERT INTO BW.Produto (preco, nome, peso) VALUES (0.30, 'Frutol Frutos Vermelhos 0.33L',0.4);
INSERT INTO BW.Produto (preco, nome, peso) VALUES (0.65, 'Frutol Laranja Maracujá 1L',1.1);
INSERT INTO BW.Produto (preco, nome, peso) VALUES (0.44, 'Frize Limão 0.33L',0.4);
INSERT INTO BW.Produto (preco, nome, peso) VALUES (0.44, 'Frize Frutos Vermelhos 0.33L',0.4);
INSERT INTO BW.Produto (preco, nome, peso) VALUES (0.44, 'Frize Laranja 0.33L',0.4);
INSERT INTO BW.Produto (preco, nome, peso) VALUES (10.99, 'Palete 50x  Agua Fastio 0.33L',20.0);
INSERT INTO BW.Produto (preco, nome, peso) VALUES (25.00, 'Palete 50x  Agua Fastio 1L',55.0);
INSERT INTO BW.Produto (preco, nome, peso) VALUES (19.00, 'Palete 50x  Agua Fastio 0.5L',30.0);
INSERT INTO BW.Produto (preco, nome, peso) VALUES (35.00, 'Palete 50x  Agua Fastio 1.5L',80.0);
INSERT INTO BW.Produto (preco, nome, peso) VALUES (23.99, 'Palete 100x  Agua Fastio 0.33L',40.0);
INSERT INTO BW.Produto (preco, nome, peso) VALUES (59.00, 'Palete 100x  Agua Fastio 1L',110.0);
INSERT INTO BW.Produto (preco, nome, peso) VALUES (43.00, 'Palete 100x  Agua Fastio 0.5L',60.0);
INSERT INTO BW.Produto (preco, nome, peso) VALUES (75.00, 'Palete 100x  Agua Fastio 1.5L',160.0);
INSERT INTO BW.Produto (preco, nome, peso) VALUES (12.99, 'Palete 50x  Frutol 0.33L',20.0);
INSERT INTO BW.Produto (preco, nome, peso) VALUES (29.99, 'Palete 50x  Frutol 1L',55.0);
INSERT INTO BW.Produto (preco, nome, peso) VALUES (27.99, 'Palete 100x  Frutol 0.33L',40.0);
INSERT INTO BW.Produto (preco, nome, peso) VALUES (59.99, 'Palete 100x  Frutol 1L',110.0);
INSERT INTO BW.Produto (preco, nome, peso) VALUES (19.99, 'Palete 50x  Frize 0.33L',20.0);
INSERT INTO BW.Produto (preco, nome, peso) VALUES (39.99, 'Palete 100x  Frize 0.33L',40.0);

-- Venda
INSERT INTO BW.Venda (data_realizacao, preco, feita_por) VALUES ('2020-07-29', 1783.0,45);
INSERT INTO BW.Venda (data_realizacao, preco, feita_por) VALUES ('2021-05-24', 200.0, 5);
INSERT INTO BW.Venda (data_realizacao, preco, feita_por) VALUES ('2020-08-29', 2524.0,45);
INSERT INTO BW.Venda (data_realizacao, preco, feita_por) VALUES ('2021-01-25', 1825.0,43);
INSERT INTO BW.Venda (data_realizacao, preco, feita_por) VALUES ('2020-03-12', 598.0, 5);
INSERT INTO BW.Venda (data_realizacao, preco, feita_por) VALUES ('2019-11-10', 2591.0,43);
INSERT INTO BW.Venda (data_realizacao, preco, feita_por) VALUES ('2020-03-08', 758.0, 5);
INSERT INTO BW.Venda (data_realizacao, preco, feita_por) VALUES ('2019-08-15', 1749.0,19);
INSERT INTO BW.Venda (data_realizacao, preco, feita_por) VALUES ('2020-04-20', 2603.0,19);
INSERT INTO BW.Venda (data_realizacao, preco, feita_por) VALUES ('2021-04-16', 1346.0,45);
INSERT INTO BW.Venda (data_realizacao, preco, feita_por) VALUES ('2019-07-25', 1022.0,41);
INSERT INTO BW.Venda (data_realizacao, preco, feita_por) VALUES ('2021-01-16', 2599.0,51);
INSERT INTO BW.Venda (data_realizacao, preco, feita_por) VALUES ('2020-12-04', 1760.0,19);
INSERT INTO BW.Venda (data_realizacao, preco, feita_por) VALUES ('2020-06-12', 1540.0,45);
INSERT INTO BW.Venda (data_realizacao, preco, feita_por) VALUES ('2020-12-16', 498.0, 2);
INSERT INTO BW.Venda (data_realizacao, preco, feita_por) VALUES ('2021-04-23', 1892.0,41);
INSERT INTO BW.Venda (data_realizacao, preco, feita_por) VALUES ('2020-09-04', 1675.0,45);
INSERT INTO BW.Venda (data_realizacao, preco, feita_por) VALUES ('2019-09-26', 1405.0,45);
INSERT INTO BW.Venda (data_realizacao, preco, feita_por) VALUES ('2021-03-06', 2946.0,41);
INSERT INTO BW.Venda (data_realizacao, preco, feita_por) VALUES ('2019-07-21', 2823.0,49);
INSERT INTO BW.Venda (data_realizacao, preco, feita_por) VALUES ('2019-10-08', 614.0, 14);
INSERT INTO BW.Venda (data_realizacao, preco, feita_por) VALUES ('2019-09-18', 2955.0,11);
INSERT INTO BW.Venda (data_realizacao, preco, feita_por) VALUES ('2021-05-23', 2120.0,29);
INSERT INTO BW.Venda (data_realizacao, preco, feita_por) VALUES ('2020-04-26', 776.0, 2);
INSERT INTO BW.Venda (data_realizacao, preco, feita_por) VALUES ('2021-06-06', 879.0, 2);
INSERT INTO BW.Venda (data_realizacao, preco, feita_por) VALUES ('2020-04-03', 128.0, 28);
INSERT INTO BW.Venda (data_realizacao, preco, feita_por) VALUES ('2020-03-18', 337.0, 27);
INSERT INTO BW.Venda (data_realizacao, preco, feita_por) VALUES ('2020-08-23', 2872.0,29);
INSERT INTO BW.Venda (data_realizacao, preco, feita_por) VALUES ('2019-10-31', 2526.0,39);
INSERT INTO BW.Venda (data_realizacao, preco, feita_por) VALUES ('2021-01-20', 1329.0,32);
INSERT INTO BW.Venda (data_realizacao, preco, feita_por) VALUES ('2021-02-20', 1229.0,31);
INSERT INTO BW.Venda (data_realizacao, preco, feita_por) VALUES ('2021-03-20', 3219.0,33);
INSERT INTO BW.Venda (data_realizacao, preco, feita_por) VALUES ('2021-04-20', 329.0, 2);


-- Contem
insert into BW.Contem (num_encomenda, num_venda) values (1, 1);
insert into BW.Contem (num_encomenda, num_venda) values (2, 2);
insert into BW.Contem (num_encomenda, num_venda) values (3, 3);
insert into BW.Contem (num_encomenda, num_venda) values (4, 4);
insert into BW.Contem (num_encomenda, num_venda) values (5, 5);
insert into BW.Contem (num_encomenda, num_venda) values (6, 6);
insert into BW.Contem (num_encomenda, num_venda) values (7, 7);
insert into BW.Contem (num_encomenda, num_venda) values (8, 8);
insert into BW.Contem (num_encomenda, num_venda) values (9, 9);
insert into BW.Contem (num_encomenda, num_venda) values (10, 10);
insert into BW.Contem (num_encomenda, num_venda) values (1, 11);
insert into BW.Contem (num_encomenda, num_venda) values (2, 12);
insert into BW.Contem (num_encomenda, num_venda) values (3, 13);
insert into BW.Contem (num_encomenda, num_venda) values (4, 14);
insert into BW.Contem (num_encomenda, num_venda) values (5, 15);
insert into BW.Contem (num_encomenda, num_venda) values (6, 16);
insert into BW.Contem (num_encomenda, num_venda) values (7, 17);
insert into BW.Contem (num_encomenda, num_venda) values (8, 18);
insert into BW.Contem (num_encomenda, num_venda) values (9, 19);
insert into BW.Contem (num_encomenda, num_venda) values (10, 20);
insert into BW.Contem (num_encomenda, num_venda) values (1, 21);
insert into BW.Contem (num_encomenda, num_venda) values (2, 22);
insert into BW.Contem (num_encomenda, num_venda) values (3, 23);
insert into BW.Contem (num_encomenda, num_venda) values (4, 24);
insert into BW.Contem (num_encomenda, num_venda) values (5, 25);
insert into BW.Contem (num_encomenda, num_venda) values (6, 26);
insert into BW.Contem (num_encomenda, num_venda) values (7, 27);
insert into BW.Contem (num_encomenda, num_venda) values (8, 28);
insert into BW.Contem (num_encomenda, num_venda) values (9, 29);
insert into BW.Contem (num_encomenda, num_venda) values (10, 30);

-- Inventario 
INSERT INTO BW.Inventario (codigo, n_unidades, data_adicao, operador_resp) VALUES (1, 241, '2020-09-21', 3);
INSERT INTO BW.Inventario (codigo, n_unidades, data_adicao, operador_resp) VALUES (2, 788, '2021-01-01', 3);
INSERT INTO BW.Inventario (codigo, n_unidades, data_adicao, operador_resp) VALUES (3, 941, '2020-12-28', 3);
INSERT INTO BW.Inventario (codigo, n_unidades, data_adicao, operador_resp) VALUES (4, 720, '2020-06-10', 3);
INSERT INTO BW.Inventario (codigo, n_unidades, data_adicao, operador_resp) VALUES (5, 342, '2021-05-15', 68);
INSERT INTO BW.Inventario (codigo, n_unidades, data_adicao, operador_resp) VALUES (6, 941, '2021-02-28', 69);
INSERT INTO BW.Inventario (codigo, n_unidades, data_adicao, operador_resp) VALUES (7, 570, '2020-07-13', 71);
INSERT INTO BW.Inventario (codigo, n_unidades, data_adicao, operador_resp) VALUES (8, 911, '2021-03-04', 70);
INSERT INTO BW.Inventario (codigo, n_unidades, data_adicao, operador_resp) VALUES (9, 378, '2020-09-07', 70);
INSERT INTO BW.Inventario (codigo, n_unidades, data_adicao, operador_resp) VALUES (10, 852, '2020-12-19',70);
INSERT INTO BW.Inventario (codigo, n_unidades, data_adicao, operador_resp) VALUES (11, 567, '2020-08-26',72);
INSERT INTO BW.Inventario (codigo, n_unidades, data_adicao, operador_resp) VALUES (12, 165, '2020-08-10',79);
INSERT INTO BW.Inventario (codigo, n_unidades, data_adicao, operador_resp) VALUES (13, 313, '2020-06-29',79);
INSERT INTO BW.Inventario (codigo, n_unidades, data_adicao, operador_resp) VALUES (14, 655, '2021-06-08',71);
INSERT INTO BW.Inventario (codigo, n_unidades, data_adicao, operador_resp) VALUES (15, 259, '2020-11-11',70);
INSERT INTO BW.Inventario (codigo, n_unidades, data_adicao, operador_resp) VALUES (16, 241, '2020-09-21',79);
INSERT INTO BW.Inventario (codigo, n_unidades, data_adicao, operador_resp) VALUES (17, 788, '2021-01-01',79);
INSERT INTO BW.Inventario (codigo, n_unidades, data_adicao, operador_resp) VALUES (18, 941, '2020-12-28',79);
INSERT INTO BW.Inventario (codigo, n_unidades, data_adicao, operador_resp) VALUES (19, 720, '2020-06-10',79);
INSERT INTO BW.Inventario (codigo, n_unidades, data_adicao, operador_resp) VALUES (20, 342, '2021-05-15',81);
INSERT INTO BW.Inventario (codigo, n_unidades, data_adicao, operador_resp) VALUES (21, 941, '2021-02-28',80);
INSERT INTO BW.Inventario (codigo, n_unidades, data_adicao, operador_resp) VALUES (22, 570, '2020-07-13',81);
INSERT INTO BW.Inventario (codigo, n_unidades, data_adicao, operador_resp) VALUES (23, 911, '2021-03-04',75);
INSERT INTO BW.Inventario (codigo, n_unidades, data_adicao, operador_resp) VALUES (24, 378, '2020-09-07',74);
INSERT INTO BW.Inventario (codigo, n_unidades, data_adicao, operador_resp) VALUES (25, 852, '2020-12-19',73);
INSERT INTO BW.Inventario (codigo, n_unidades, data_adicao, operador_resp) VALUES (26, 567, '2020-08-26',72);
INSERT INTO BW.Inventario (codigo, n_unidades, data_adicao, operador_resp) VALUES (27, 165, '2020-08-10',70);
INSERT INTO BW.Inventario (codigo, n_unidades, data_adicao, operador_resp) VALUES (28, 313, '2020-06-29',71);
INSERT INTO BW.Inventario (codigo, n_unidades, data_adicao, operador_resp) VALUES (29, 655, '2021-06-08',3);


-- Comprador
INSERT INTO BW.Comprador (n_telefone, nome, localizacao) VALUES (945853711, 'Nanine Treneer', 'Porto');
INSERT INTO BW.Comprador (n_telefone, nome, localizacao) VALUES (981096070, 'Jeane Sheldrake', 'Viana do Castelo');
INSERT INTO BW.Comprador (n_telefone, nome, localizacao) VALUES (991393805, 'Arnoldo Ginn', 'Braga');
INSERT INTO BW.Comprador (n_telefone, nome, localizacao) VALUES (909878497, 'Gayle Credland', 'Viana do Castelo');
INSERT INTO BW.Comprador (n_telefone, nome, localizacao) VALUES (943972403, 'Evonne Klima', 'Porto');
INSERT INTO BW.Comprador (n_telefone, nome, localizacao) VALUES (968691310, 'Isidore Lapworth', 'Porto');
INSERT INTO BW.Comprador (n_telefone, nome, localizacao) VALUES (927557751, 'Carine Casson', 'Viana do Castelo');
INSERT INTO BW.Comprador (n_telefone, nome, localizacao) VALUES (975394576, 'Mycah d''Escoffier', 'Vila Real');
INSERT INTO BW.Comprador (n_telefone, nome, localizacao) VALUES (997904859, 'Lacie Cawkill', 'Vila Real');
INSERT INTO BW.Comprador (n_telefone, nome, localizacao) VALUES (938375665, 'Maximo Nordass', 'Braga');
INSERT INTO BW.Comprador (n_telefone, nome, localizacao) VALUES (963018004, 'Candice Priditt', 'Braga');
INSERT INTO BW.Comprador (n_telefone, nome, localizacao) VALUES (942497285, 'Anne Meneghelli', 'Vila Real');
INSERT INTO BW.Comprador (n_telefone, nome, localizacao) VALUES (909787282, 'Richart Dowall', 'Braga');
INSERT INTO BW.Comprador (n_telefone, nome, localizacao) VALUES (995566697, 'Ringo Niave', 'Braga');
INSERT INTO BW.Comprador (n_telefone, nome, localizacao) VALUES (925384277, 'Dom Whines', 'Vila Real');

-- VendaAo
INSERT INTO BW.VendaAo (num_venda, num_comprador) VALUES (1,1);
INSERT INTO BW.VendaAo (num_venda, num_comprador) VALUES (2,2);
INSERT INTO BW.VendaAo (num_venda, num_comprador) VALUES (3,3);
INSERT INTO BW.VendaAo (num_venda, num_comprador) VALUES (4,4);
INSERT INTO BW.VendaAo (num_venda, num_comprador) VALUES (5,5);
INSERT INTO BW.VendaAo (num_venda, num_comprador) VALUES (6,6);
INSERT INTO BW.VendaAo (num_venda, num_comprador) VALUES (7,7);
INSERT INTO BW.VendaAo (num_venda, num_comprador) VALUES (8,8);
INSERT INTO BW.VendaAo (num_venda, num_comprador) VALUES (9,9);
INSERT INTO BW.VendaAo (num_venda, num_comprador) VALUES (10,1);
INSERT INTO BW.VendaAo (num_venda, num_comprador) VALUES (11,2);
INSERT INTO BW.VendaAo (num_venda, num_comprador) VALUES (12,1);
INSERT INTO BW.VendaAo (num_venda, num_comprador) VALUES (13,3);
INSERT INTO BW.VendaAo (num_venda, num_comprador) VALUES (14,7);
INSERT INTO BW.VendaAo (num_venda, num_comprador) VALUES (15,4);
INSERT INTO BW.VendaAo (num_venda, num_comprador) VALUES (16,2);
INSERT INTO BW.VendaAo (num_venda, num_comprador) VALUES (17,3);
INSERT INTO BW.VendaAo (num_venda, num_comprador) VALUES (18,1);
INSERT INTO BW.VendaAo (num_venda, num_comprador) VALUES (19,3);
INSERT INTO BW.VendaAo (num_venda, num_comprador) VALUES (20,3);
INSERT INTO BW.VendaAo (num_venda, num_comprador) VALUES (21,4);
INSERT INTO BW.VendaAo (num_venda, num_comprador) VALUES (22,4);
INSERT INTO BW.VendaAo (num_venda, num_comprador) VALUES (23,6);
INSERT INTO BW.VendaAo (num_venda, num_comprador) VALUES (24,5);
INSERT INTO BW.VendaAo (num_venda, num_comprador) VALUES (25,4);
INSERT INTO BW.VendaAo (num_venda, num_comprador) VALUES (26,7);
INSERT INTO BW.VendaAo (num_venda, num_comprador) VALUES (27,4);
INSERT INTO BW.VendaAo (num_venda, num_comprador) VALUES (28,2);
INSERT INTO BW.VendaAo (num_venda, num_comprador) VALUES (29,3);
INSERT INTO BW.VendaAo (num_venda, num_comprador) VALUES (30,8);
INSERT INTO BW.VendaAo (num_venda, num_comprador) VALUES (31,2);
INSERT INTO BW.VendaAo (num_venda, num_comprador) VALUES (32,3);
INSERT INTO BW.VendaAo (num_venda, num_comprador) VALUES (33,8);

--Venda Sobre
INSERT INTO BW.VendaSobre (num_venda, produtos, quantidade) VALUES (1,1, 5);
INSERT INTO BW.VendaSobre (num_venda, produtos, quantidade) VALUES (2,3, 3);
INSERT INTO BW.VendaSobre (num_venda, produtos, quantidade) VALUES (3,5, 1);
INSERT INTO BW.VendaSobre (num_venda, produtos, quantidade) VALUES (4,13, 4);
INSERT INTO BW.VendaSobre (num_venda, produtos, quantidade) VALUES (5,15, 2);
INSERT INTO BW.VendaSobre (num_venda, produtos, quantidade) VALUES (6,13, 12);
INSERT INTO BW.VendaSobre (num_venda, produtos, quantidade) VALUES (7,1, 32);
INSERT INTO BW.VendaSobre (num_venda, produtos, quantidade) VALUES (8,28, 12);
INSERT INTO BW.VendaSobre (num_venda, produtos, quantidade) VALUES (9,29, 11);
INSERT INTO BW.VendaSobre (num_venda, produtos, quantidade) VALUES (10,29, 24);
INSERT INTO BW.VendaSobre (num_venda, produtos, quantidade) VALUES (11,11, 51);
INSERT INTO BW.VendaSobre (num_venda, produtos, quantidade) VALUES (12,13, 15);
INSERT INTO BW.VendaSobre (num_venda, produtos, quantidade) VALUES (13,19, 25);
INSERT INTO BW.VendaSobre (num_venda, produtos, quantidade) VALUES (14,18, 35);
INSERT INTO BW.VendaSobre (num_venda, produtos, quantidade) VALUES (15,13, 45);
INSERT INTO BW.VendaSobre (num_venda, produtos, quantidade) VALUES (16,3, 51);
INSERT INTO BW.VendaSobre (num_venda, produtos, quantidade) VALUES (17,13, 53);
INSERT INTO BW.VendaSobre (num_venda, produtos, quantidade) VALUES (18,18, 54);
INSERT INTO BW.VendaSobre (num_venda, produtos, quantidade) VALUES (19,12, 51);
INSERT INTO BW.VendaSobre (num_venda, produtos, quantidade) VALUES (20,3, 5);
INSERT INTO BW.VendaSobre (num_venda, produtos, quantidade) VALUES (21,2, 15);
INSERT INTO BW.VendaSobre (num_venda, produtos, quantidade) VALUES (22,3, 12);
INSERT INTO BW.VendaSobre (num_venda, produtos, quantidade) VALUES (23,4, 17);
INSERT INTO BW.VendaSobre (num_venda, produtos, quantidade) VALUES (24,3, 14);
INSERT INTO BW.VendaSobre (num_venda, produtos, quantidade) VALUES (25,13, 14);
INSERT INTO BW.VendaSobre (num_venda, produtos, quantidade) VALUES (26,4, 14);
INSERT INTO BW.VendaSobre (num_venda, produtos, quantidade) VALUES (27,15, 16);
INSERT INTO BW.VendaSobre (num_venda, produtos, quantidade) VALUES (28,4, 17);
INSERT INTO BW.VendaSobre (num_venda, produtos, quantidade) VALUES (29,8, 17);
INSERT INTO BW.VendaSobre (num_venda, produtos, quantidade) VALUES (30,23, 19);
INSERT INTO BW.VendaSobre (num_venda, produtos, quantidade) VALUES (28,13, 51);
INSERT INTO BW.VendaSobre (num_venda, produtos, quantidade) VALUES (15,7, 53);
INSERT INTO BW.VendaSobre (num_venda, produtos, quantidade) VALUES (19,19, 34);
INSERT INTO BW.VendaSobre (num_venda, produtos, quantidade) VALUES (25,23, 23);
INSERT INTO BW.VendaSobre (num_venda, produtos, quantidade) VALUES (19,15, 21);
INSERT INTO BW.VendaSobre (num_venda, produtos, quantidade) VALUES (21,24, 43);
INSERT INTO BW.VendaSobre (num_venda, produtos, quantidade) VALUES (16,14, 23);
INSERT INTO BW.VendaSobre (num_venda, produtos, quantidade) VALUES (19,27, 31);
INSERT INTO BW.VendaSobre (num_venda, produtos, quantidade) VALUES (15,23, 11);
INSERT INTO BW.VendaSobre (num_venda, produtos, quantidade) VALUES (24,18, 12);
INSERT INTO BW.VendaSobre (num_venda, produtos, quantidade) VALUES (21,13, 16);
INSERT INTO BW.VendaSobre (num_venda, produtos, quantidade) VALUES (13,8, 17);
INSERT INTO BW.VendaSobre (num_venda, produtos, quantidade) VALUES (17,8, 26);
INSERT INTO BW.VendaSobre (num_venda, produtos, quantidade) VALUES (23,13, 24);
INSERT INTO BW.VendaSobre (num_venda, produtos, quantidade) VALUES (14,13, 27);
INSERT INTO BW.VendaSobre (num_venda, produtos, quantidade) VALUES (25,29, 38);
INSERT INTO BW.VendaSobre (num_venda, produtos, quantidade) VALUES (10,18, 39);
INSERT INTO BW.VendaSobre (num_venda, produtos, quantidade) VALUES (18,3, 52);
INSERT INTO BW.VendaSobre (num_venda, produtos, quantidade) VALUES (20,11, 25);
INSERT INTO BW.VendaSobre (num_venda, produtos, quantidade) VALUES (14,15, 35);
INSERT INTO BW.VendaSobre (num_venda, produtos, quantidade) VALUES (19,4, 55);
INSERT INTO BW.VendaSobre (num_venda, produtos, quantidade) VALUES (14,5, 57);
INSERT INTO BW.VendaSobre (num_venda, produtos, quantidade) VALUES (24,11, 55);
INSERT INTO BW.VendaSobre (num_venda, produtos, quantidade) VALUES (11,6, 58);
INSERT INTO BW.VendaSobre (num_venda, produtos, quantidade) VALUES (20,4, 54);
INSERT INTO BW.VendaSobre (num_venda, produtos, quantidade) VALUES (16,5, 15);
INSERT INTO BW.VendaSobre (num_venda, produtos, quantidade) VALUES (24,15, 85);
INSERT INTO BW.VendaSobre (num_venda, produtos, quantidade) VALUES (21,4, 55);
INSERT INTO BW.VendaSobre (num_venda, produtos, quantidade) VALUES (22,15, 18);
INSERT INTO BW.VendaSobre (num_venda, produtos, quantidade) VALUES (14,8, 54);
INSERT INTO BW.VendaSobre (num_venda, produtos, quantidade) VALUES (17,21, 65);
INSERT INTO BW.VendaSobre (num_venda, produtos, quantidade) VALUES (15,9, 17);
INSERT INTO BW.VendaSobre (num_venda, produtos, quantidade) VALUES (19,13, 19);
INSERT INTO BW.VendaSobre (num_venda, produtos, quantidade) VALUES (15,6, 60);
INSERT INTO BW.VendaSobre (num_venda, produtos, quantidade) VALUES (16,7, 17);
INSERT INTO BW.VendaSobre (num_venda, produtos, quantidade) VALUES (29,18, 86);
INSERT INTO BW.VendaSobre (num_venda, produtos, quantidade) VALUES (30,3, 32);
INSERT INTO BW.VendaSobre (num_venda, produtos, quantidade) VALUES (29,27, 32);
INSERT INTO BW.VendaSobre (num_venda, produtos, quantidade) VALUES (14,26, 12);
INSERT INTO BW.VendaSobre (num_venda, produtos, quantidade) VALUES (17,25, 15);
INSERT INTO BW.VendaSobre (num_venda, produtos, quantidade) VALUES (19,24, 35);
INSERT INTO BW.VendaSobre (num_venda, produtos, quantidade) VALUES (25,22, 25);
INSERT INTO BW.VendaSobre (num_venda, produtos, quantidade) VALUES (17,22, 15);
INSERT INTO BW.VendaSobre (num_venda, produtos, quantidade) VALUES (15,21, 15);
INSERT INTO BW.VendaSobre (num_venda, produtos, quantidade) VALUES (31,20, 86);
INSERT INTO BW.VendaSobre (num_venda, produtos, quantidade) VALUES (31,19, 32);
INSERT INTO BW.VendaSobre (num_venda, produtos, quantidade) VALUES (32,18, 32);
INSERT INTO BW.VendaSobre (num_venda, produtos, quantidade) VALUES (32,17, 12);
INSERT INTO BW.VendaSobre (num_venda, produtos, quantidade) VALUES (32,16, 15);
INSERT INTO BW.VendaSobre (num_venda, produtos, quantidade) VALUES (33,15, 35);
INSERT INTO BW.VendaSobre (num_venda, produtos, quantidade) VALUES (33,14, 25);
INSERT INTO BW.VendaSobre (num_venda, produtos, quantidade) VALUES (33,13, 15);
INSERT INTO BW.VendaSobre (num_venda, produtos, quantidade) VALUES (33,11, 15);

-- Rotas
INSERT INTO BW.Rotas (tipo) VALUES ('distribuição');
INSERT INTO BW.Rotas (tipo) VALUES ('venda');
INSERT INTO BW.Rotas (tipo) VALUES ('venda');
INSERT INTO BW.Rotas (tipo) VALUES ('distribuição');
INSERT INTO BW.Rotas (tipo) VALUES ('distribuição');
INSERT INTO BW.Rotas (tipo) VALUES ('venda');
INSERT INTO BW.Rotas (tipo) VALUES ('distribuição');
INSERT INTO BW.Rotas (tipo) VALUES ('distribuição');
INSERT INTO BW.Rotas (tipo) VALUES ('distribuição');
INSERT INTO BW.Rotas (tipo) VALUES ('venda');
INSERT INTO BW.Rotas (tipo) VALUES ('distribuição');
INSERT INTO BW.Rotas (tipo) VALUES ('distribuição');
INSERT INTO BW.Rotas (tipo) VALUES ('venda');
INSERT INTO BW.Rotas (tipo) VALUES ('distribuição');
INSERT INTO BW.Rotas (tipo) VALUES ('venda');

-- Fez Rotas
INSERT INTO BW.FezRota (id, carro_usado,data_realizacao) VALUES (1, 'T6-1I-Y2', '2021-06-09');
INSERT INTO BW.FezRota (id, carro_usado,data_realizacao) VALUES (2, 'E8-9R-K9', '2020-12-15');
INSERT INTO BW.FezRota (id, carro_usado,data_realizacao) VALUES (3, 'H6-7X-Z1', '2021-05-08');
INSERT INTO BW.FezRota (id, carro_usado,data_realizacao) VALUES (4, 'H7-9U-S8', '2020-09-14');
INSERT INTO BW.FezRota (id, carro_usado,data_realizacao) VALUES (5, 'E8-9R-K9', '2020-10-28');
INSERT INTO BW.FezRota (id, carro_usado,data_realizacao) VALUES (6, 'T3-7U-X5', '2020-12-05');
INSERT INTO BW.FezRota (id, carro_usado,data_realizacao) VALUES (7, 'A0-9G-J0', '2021-05-13');
INSERT INTO BW.FezRota (id, carro_usado,data_realizacao) VALUES (8, 'E8-9R-K9', '2020-08-19');
INSERT INTO BW.FezRota (id, carro_usado,data_realizacao) VALUES (9, 'Q3-2D-F7', '2020-07-06');
INSERT INTO BW.FezRota (id, carro_usado,data_realizacao) VALUES (10, 'P0-1A-Y7', '2019-12-10');
INSERT INTO BW.FezRota (id, carro_usado,data_realizacao) VALUES (11, 'G8-5R-V5', '2019-10-14');
INSERT INTO BW.FezRota (id, carro_usado,data_realizacao) VALUES (12, 'H6-7X-Z1', '2019-08-02');
INSERT INTO BW.FezRota (id, carro_usado,data_realizacao) VALUES (13, 'P0-1A-Y7', '2019-11-29');
INSERT INTO BW.FezRota (id, carro_usado,data_realizacao) VALUES (14, 'E8-9R-K9', '2019-05-12');
INSERT INTO BW.FezRota (id, carro_usado,data_realizacao) VALUES (15, 'G8-5R-V5', '2019-03-26');
INSERT INTO BW.FezRota (id, carro_usado,data_realizacao) VALUES (14, 'P0-1A-Y7', '2019-04-26');
INSERT INTO BW.FezRota (id, carro_usado,data_realizacao) VALUES (4, 'G8-5R-V5', '2019-06-26');
INSERT INTO BW.FezRota (id, carro_usado,data_realizacao) VALUES (13, 'C9-3H-F3', '2018-09-29');
INSERT INTO BW.FezRota (id, carro_usado,data_realizacao) VALUES (13, 'D9-7H-Z9', '2018-07-29');
INSERT INTO BW.FezRota (id, carro_usado,data_realizacao) VALUES (8, 'W7-4O-P4', '2021-01-29');
INSERT INTO BW.FezRota (id, carro_usado,data_realizacao) VALUES (14, 'C9-3H-F3', '2019-07-29');
INSERT INTO BW.FezRota (id, carro_usado,data_realizacao) VALUES (10, 'D9-7H-Z9', '2019-08-29');
INSERT INTO BW.FezRota (id, carro_usado,data_realizacao) VALUES (13, 'T3-7U-X5', '2019-03-29');
INSERT INTO BW.FezRota (id, carro_usado,data_realizacao) VALUES (12, 'E6-9G-E2', '2019-09-29');
INSERT INTO BW.FezRota (id, carro_usado,data_realizacao) VALUES (12, 'Z1-0Z-P5', '2019-12-29');
INSERT INTO BW.FezRota (id, carro_usado,data_realizacao) VALUES (12, 'H7-9U-S8', '2019-12-29');
INSERT INTO BW.FezRota (id, carro_usado,data_realizacao) VALUES (4, 'G8-5R-V5', '2020-06-06');
INSERT INTO BW.FezRota (id, carro_usado,data_realizacao) VALUES (10, 'H6-7X-Z1', '2020-07-27');
INSERT INTO BW.FezRota (id, carro_usado,data_realizacao) VALUES (9, 'G8-5R-V5', '2020-02-01');
INSERT INTO BW.FezRota (id, carro_usado,data_realizacao) VALUES (10, 'H6-7X-Z1', '2020-02-03');

--Zonas Rotas
INSERT INTO BW.ZonasRotas (id, zona) VALUES (1, 'Braga');
INSERT INTO BW.ZonasRotas (id, zona) VALUES (2, 'V.N Gaia');
INSERT INTO BW.ZonasRotas (id, zona) VALUES (3, 'Guimarães');
INSERT INTO BW.ZonasRotas (id, zona) VALUES (4, 'Famalicão');
INSERT INTO BW.ZonasRotas (id, zona) VALUES (5, 'Arcos de Valdevez');
INSERT INTO BW.ZonasRotas (id, zona) VALUES (6, 'Braga');
INSERT INTO BW.ZonasRotas (id, zona) VALUES (6, 'Porto');
INSERT INTO BW.ZonasRotas (id, zona) VALUES (7, 'Viana do Castelo');
INSERT INTO BW.ZonasRotas (id, zona) VALUES (8, 'Famalicão');
INSERT INTO BW.ZonasRotas (id, zona) VALUES (9, 'Vila Real');
INSERT INTO BW.ZonasRotas (id, zona) VALUES (10, 'Arcos de Valdevez');
INSERT INTO BW.ZonasRotas (id, zona) VALUES (11, 'Viana do Castelo');
INSERT INTO BW.ZonasRotas (id, zona) VALUES (12, 'Esposende');
INSERT INTO BW.ZonasRotas (id, zona) VALUES (13, 'Braga');
INSERT INTO BW.ZonasRotas (id, zona) VALUES (14, 'Porto');
INSERT INTO BW.ZonasRotas (id, zona) VALUES (15, 'V.N Gaia');
INSERT INTO BW.ZonasRotas (id, zona) VALUES (15, 'Famalicão');
INSERT INTO BW.ZonasRotas (id, zona) VALUES (13, 'Viana do Castelo');
INSERT INTO BW.ZonasRotas (id, zona) VALUES (5, 'Braga');
INSERT INTO BW.ZonasRotas (id, zona) VALUES (5, 'V.N Gaia');
INSERT INTO BW.ZonasRotas (id, zona) VALUES (7, 'Esposende');
INSERT INTO BW.ZonasRotas (id, zona) VALUES (13, 'Famalicão');
INSERT INTO BW.ZonasRotas (id, zona) VALUES (13, 'Porto');
INSERT INTO BW.ZonasRotas (id, zona) VALUES (15, 'Braga');
INSERT INTO BW.ZonasRotas (id, zona) VALUES (2, 'Porto');
INSERT INTO BW.ZonasRotas (id, zona) VALUES (8, 'Vila Real');
INSERT INTO BW.ZonasRotas (id, zona) VALUES (10, 'V.N Gaia');
INSERT INTO BW.ZonasRotas (id, zona) VALUES (14, 'Esposende');
INSERT INTO BW.ZonasRotas (id, zona) VALUES (12, 'Viana do Castelo');


-- Roles

INSERT INTO BW.Login (num_funcionario, role) VALUES (1, 'gerente');
INSERT INTO BW.Login (num_funcionario, role) VALUES (2, 'promotor');
INSERT INTO BW.Login (num_funcionario, role) VALUES (10, 'promotor');
INSERT INTO BW.Login (num_funcionario, role) VALUES (11, 'promotor');
INSERT INTO BW.Login (num_funcionario, role) VALUES (12, 'promotor');
INSERT INTO BW.Login (num_funcionario, role) VALUES (13, 'promotor');
INSERT INTO BW.Login (num_funcionario, role) VALUES (14, 'promotor');
INSERT INTO BW.Login (num_funcionario, role) VALUES (15, 'promotor');
INSERT INTO BW.Login (num_funcionario, role) VALUES (16, 'promotor');
INSERT INTO BW.Login (num_funcionario, role) VALUES (17, 'promotor');
INSERT INTO BW.Login (num_funcionario, role) VALUES (18, 'promotor');
INSERT INTO BW.Login (num_funcionario, role) VALUES (19, 'promotor');
INSERT INTO BW.Login (num_funcionario, role) VALUES (20, 'promotor');
INSERT INTO BW.Login (num_funcionario, role) VALUES (21, 'promotor');
INSERT INTO BW.Login (num_funcionario, role) VALUES (22, 'promotor');
INSERT INTO BW.Login (num_funcionario, role) VALUES (23, 'promotor');
INSERT INTO BW.Login (num_funcionario, role) VALUES (24, 'promotor');
INSERT INTO BW.Login (num_funcionario, role) VALUES (25, 'promotor');
INSERT INTO BW.Login (num_funcionario, role) VALUES (26, 'promotor');
INSERT INTO BW.Login (num_funcionario, role) VALUES (27, 'promotor');
INSERT INTO BW.Login (num_funcionario, role) VALUES (28, 'promotor');
INSERT INTO BW.Login (num_funcionario, role) VALUES (29, 'promotor');
INSERT INTO BW.Login (num_funcionario, role) VALUES (30, 'promotor');
INSERT INTO BW.Login (num_funcionario, role) VALUES (31, 'promotor');
INSERT INTO BW.Login (num_funcionario, role) VALUES (32, 'promotor');
INSERT INTO BW.Login (num_funcionario, role) VALUES (33, 'promotor');
INSERT INTO BW.Login (num_funcionario, role) VALUES (34, 'promotor');
INSERT INTO BW.Login (num_funcionario, role) VALUES (35, 'promotor');
INSERT INTO BW.Login (num_funcionario, role) VALUES (36, 'promotor');
INSERT INTO BW.Login (num_funcionario, role) VALUES (37, 'promotor');
INSERT INTO BW.Login (num_funcionario, role) VALUES (38, 'promotor');
INSERT INTO BW.Login (num_funcionario, role) VALUES (39, 'promotor');
INSERT INTO BW.Login (num_funcionario, role) VALUES (40, 'promotor');
INSERT INTO BW.Login (num_funcionario, role) VALUES (41, 'promotor');
INSERT INTO BW.Login (num_funcionario, role) VALUES (42, 'promotor');
INSERT INTO BW.Login (num_funcionario, role) VALUES (43, 'promotor');
INSERT INTO BW.Login (num_funcionario, role) VALUES (44, 'promotor');
INSERT INTO BW.Login (num_funcionario, role) VALUES (45, 'promotor');
INSERT INTO BW.Login (num_funcionario, role) VALUES (46, 'promotor');
INSERT INTO BW.Login (num_funcionario, role) VALUES (47, 'promotor');
INSERT INTO BW.Login (num_funcionario, role) VALUES (48, 'promotor');
INSERT INTO BW.Login (num_funcionario, role) VALUES (49, 'promotor');
INSERT INTO BW.Login (num_funcionario, role) VALUES (50, 'promotor');
INSERT INTO BW.Login (num_funcionario, role) VALUES (51, 'promotor');
INSERT INTO BW.Login (num_funcionario, role) VALUES (52, 'promotor');
INSERT INTO BW.Login (num_funcionario, role) VALUES (53, 'promotor');
INSERT INTO BW.Login (num_funcionario, role) VALUES (82, 'promotor');
INSERT INTO BW.Login (num_funcionario, role) VALUES (83, 'promotor');
INSERT INTO BW.Login (num_funcionario, role) VALUES (5, 'promotor');
INSERT INTO BW.Login (num_funcionario, role) VALUES (6, 'promotor');
INSERT INTO BW.Login (num_funcionario, role) VALUES (7, 'promotor');
INSERT INTO BW.Login (num_funcionario, role) VALUES (8, 'promotor');
INSERT INTO BW.Login (num_funcionario, role) VALUES (9, 'promotor');
-- transportado
INSERT INTO BW.Login (num_funcionario, role) VALUES (54, 'transportador');
INSERT INTO BW.Login (num_funcionario, role) VALUES (55, 'transportador');
INSERT INTO BW.Login (num_funcionario, role) VALUES (56, 'transportador');
INSERT INTO BW.Login (num_funcionario, role) VALUES (57, 'transportador');
INSERT INTO BW.Login (num_funcionario, role) VALUES (58, 'transportador');
INSERT INTO BW.Login (num_funcionario, role) VALUES (59, 'transportador');
INSERT INTO BW.Login (num_funcionario, role) VALUES (60, 'transportador');
INSERT INTO BW.Login (num_funcionario, role) VALUES (61, 'transportador');
INSERT INTO BW.Login (num_funcionario, role) VALUES (62, 'transportador');
INSERT INTO BW.Login (num_funcionario, role) VALUES (63, 'transportador');
INSERT INTO BW.Login (num_funcionario, role) VALUES (64, 'transportador');
INSERT INTO BW.Login (num_funcionario, role) VALUES (65, 'transportador');
INSERT INTO BW.Login (num_funcionario, role) VALUES (66, 'transportador');
INSERT INTO BW.Login (num_funcionario, role) VALUES (67, 'transportador');
INSERT INTO BW.Login (num_funcionario, role) VALUES (4, 'transportador');
-- operadores
INSERT INTO BW.Login (num_funcionario, role) VALUES (68, 'operador');
INSERT INTO BW.Login (num_funcionario, role) VALUES (69, 'operador');
INSERT INTO BW.Login (num_funcionario, role) VALUES (70, 'operador');
INSERT INTO BW.Login (num_funcionario, role) VALUES (71, 'operador');
INSERT INTO BW.Login (num_funcionario, role) VALUES (72, 'operador');
INSERT INTO BW.Login (num_funcionario, role) VALUES (73, 'operador');
INSERT INTO BW.Login (num_funcionario, role) VALUES (74, 'operador');
INSERT INTO BW.Login (num_funcionario, role) VALUES (75, 'operador');
INSERT INTO BW.Login (num_funcionario, role) VALUES (76, 'operador');
INSERT INTO BW.Login (num_funcionario, role) VALUES (77, 'operador');
INSERT INTO BW.Login (num_funcionario, role) VALUES (78, 'operador');
INSERT INTO BW.Login (num_funcionario, role) VALUES (79, 'operador');
INSERT INTO BW.Login (num_funcionario, role) VALUES (80, 'operador');
INSERT INTO BW.Login (num_funcionario, role) VALUES (81, 'operador');
INSERT INTO BW.Login (num_funcionario, role) VALUES (3, 'operador');
